frame,id,cx,cy,w,h
150,100,429.0,64.0,13.0,14.0
150,0,632.0,116.0,32.0,106.0
150,1,148.9803924560547,247.1585693359375,103.82283020019531,62.51554870605469
150,2,449.0616149902344,184.73985290527344,26.176372528076172,46.820377349853516
151,100,432.0,41.0,14.0,15.0
151,0,632.0,116.0,32.0,106.0
151,1,148.86134338378906,247.49459838867188,103.23675537109375,63.86931610107422
151,2,449.1509094238281,185.37306213378906,26.575363159179688,46.337764739990234
152,100,431.0,10.0,14.0,13.0
152,0,632.0,116.0,32.0,106.0
152,1,148.41244506835938,248.12452697753906,101.6565170288086,67.2983169555664
152,2,449.1808776855469,185.5855255126953,26.7092342376709,46.17583465576172
153,100,139.0,287.0,29.0,8.0
153,0,632.0,116.0,32.0,106.0
153,1,147.3860321044922,248.89309692382812,99.14663696289062,73.06793975830078
153,2,448.8818359375,188.2453155517578,28.588191986083984,43.894432067871094
154,100,144.0,290.0,5.0,4.0
154,0,632.0,116.0,32.0,106.0
154,1,145.9256591796875,249.5161895751953,96.3077621459961,79.14557647705078
154,2,448.1836853027344,191.21066284179688,30.629966735839844,41.11660385131836
155,100,114.0,320.0,16.0,16.0
155,0,632.0,116.0,32.0,106.0
155,1,144.1180877685547,249.8817138671875,94.07844543457031,83.96583557128906
155,2,446.8436584472656,193.90110778808594,32.48414993286133,38.76837921142578
156,100,84.0,350.0,16.0,16.0
156,0,632.0,116.0,32.0,106.0
156,1,142.3439483642578,249.8728790283203,92.23924255371094,86.71568298339844
156,2,445.2795104980469,195.9083251953125,33.982521057128906,36.98250198364258
157,100,54.0,380.0,16.0,16.0
157,0,632.0,116.0,32.0,106.0
157,1,141.25779724121094,249.7442169189453,91.18949890136719,87.91980743408203
157,2,444.2091369628906,197.09542846679688,34.88556671142578,35.924922943115234
158,100,24.0,410.0,16.0,16.0
158,0,632.0,116.0,32.0,106.0
158,1,140.24453735351562,249.49026489257812,90.68323516845703,88.1232681274414
158,2,443.13873291015625,197.9540557861328,35.29877853393555,35.58794021606445
159,100,-6.0,440.0,16.0,16.0
159,0,632.0,116.0,32.0,106.0
159,1,138.9529571533203,248.7130584716797,90.6171875,87.62480926513672
159,2,442.20855712890625,199.47845458984375,36.33888244628906,34.34053421020508
160,100,-36.0,470.0,16.0,16.0
160,0,632.0,116.0,32.0,106.0
160,1,138.0240478515625,247.821044921875,90.49739837646484,86.79246520996094
160,2,441.24346923828125,199.27195739746094,35.36406707763672,35.28036880493164
161,100,390.0,1.0,14.0,4.0
161,0,632.0,116.0,32.0,106.0
161,1,137.65609741210938,247.0203857421875,90.49119567871094,85.83195495605469
161,2,440.7057800292969,199.34410095214844,34.892696380615234,35.82844543457031
162,100,420.0,-29.0,16.0,16.0
162,0,632.0,116.0,32.0,106.0
162,1,137.8767852783203,246.42283630371094,90.20709228515625,85.04928588867188
162,2,440.5948486328125,199.5742950439453,34.554935455322266,36.1836051940918
163,100,464.0,22.0,16.0,14.0
163,0,632.0,116.0,32.0,106.0
163,1,138.3795928955078,245.97280883789062,90.13136291503906,84.49156188964844
163,2,440.7389831542969,199.94065856933594,33.99073028564453,36.516109466552734
164,100,464.0,46.0,14.0,15.0
164,0,632.0,116.0,32.0,106.0
164,1,139.02374267578125,245.70330810546875,89.97702026367188,83.798095703125
164,2,441.0228271484375,200.2627410888672,33.64855194091797,36.74458694458008
165,100,466.0,68.0,13.0,13.0
165,0,632.0,116.0,32.0,106.0
165,1,139.6217803955078,245.54205322265625,89.85173034667969,83.14031219482422
165,2,441.2242126464844,200.7224884033203,33.43989562988281,37.13943862915039
166,100,467.0,88.0,12.0,13.0
166,0,632.0,116.0,32.0,106.0
166,1,140.08306884765625,245.44503784179688,89.75654602050781,82.61882781982422
166,2,441.5511169433594,201.2661590576172,33.28498840332031,37.34810256958008
167,100,467.0,103.0,12.0,12.0
167,0,632.0,116.0,32.0,106.0
167,1,140.3903045654297,245.41758728027344,89.73741912841797,82.29115295410156
167,2,441.9336853027344,202.030029296875,33.37911605834961,37.54829406738281
168,100,467.0,116.0,13.0,11.0
168,0,632.0,116.0,32.0,106.0
168,1,140.4639434814453,245.4976043701172,89.72640991210938,82.0896224975586
168,2,442.277099609375,202.75054931640625,33.629417419433594,37.834041595458984
169,100,465.0,126.0,12.0,12.0
169,0,632.0,116.0,32.0,106.0
169,1,140.3367156982422,245.7047576904297,89.78018188476562,82.04949951171875
169,2,442.53741455078125,203.54190063476562,33.75489807128906,38.03125
170,100,463.0,134.0,12.0,13.0
170,0,632.0,116.0,32.0,106.0
170,1,140.00201416015625,246.00726318359375,89.8272933959961,82.1103286743164
170,2,442.7991943359375,204.50425720214844,33.545188903808594,38.37751770019531
171,100,461.0,142.0,11.0,13.0
171,0,640.3582763671875,131.8040008544922,49.0806770324707,97.20349884033203
171,1,139.22447204589844,246.44789123535156,90.1494369506836,82.31927490234375
171,2,442.8936767578125,205.5492401123047,33.384246826171875,38.27870178222656
172,100,460.0,148.0,12.0,13.0
172,0,640.9375610351562,132.89932250976562,50.264488220214844,96.59384155273438
172,1,138.3541259765625,247.13461303710938,90.41844177246094,82.23147583007812
172,2,442.840576171875,206.69627380371094,33.25269317626953,38.17815017700195
173,100,458.0,155.0,11.0,13.0
173,0,641.516845703125,133.99464416503906,51.448299407958984,95.98418426513672
173,1,137.4112548828125,248.0587921142578,90.61495208740234,82.56368255615234
173,2,442.6490783691406,208.052490234375,33.062015533447266,38.20386505126953
174,100,457.0,161.0,11.0,13.0
174,0,642.7711791992188,137.23629760742188,50.548309326171875,96.02068328857422
174,1,136.52809143066406,249.14877319335938,90.68408203125,83.0842056274414
174,2,442.3147888183594,209.8052520751953,33.168006896972656,38.22037124633789
175,100,455.0,167.0,11.0,14.0
175,0,643.5994873046875,139.1485137939453,50.697967529296875,96.71070098876953
175,1,135.511474609375,250.41224670410156,90.94840240478516,83.45314025878906
175,2,441.8004455566406,211.507080078125,33.461891174316406,38.400901794433594
176,100,455.0,167.0,11.0,14.0
176,0,644.00634765625,140.24075317382812,50.67979431152344,96.92575073242188
176,1,134.8690185546875,251.23851013183594,91.10765838623047,83.71078491210938
176,2,441.4399719238281,212.56161499023438,33.67274856567383,38.514862060546875
177,100,452.0,174.0,10.0,13.0
177,0,644.6576538085938,141.7058868408203,51.16228485107422,96.80982971191406
177,1,133.721923828125,252.2206268310547,91.53604888916016,83.90690612792969
177,2,440.71710205078125,213.85874938964844,34.25895690917969,38.56216812133789
178,100,441.0,192.0,5.0,8.0
178,0,645.3089599609375,143.1710205078125,51.644775390625,96.69390869140625
178,1,130.2400665283203,254.05047607421875,92.7056655883789,84.0653076171875
178,2,439.3123474121094,216.52978515625,34.557403564453125,38.38378143310547
179,100,438.0,197.0,16.0,16.0
179,0,645.9602661132812,144.6361541748047,52.12726593017578,96.57798767089844
179,1,126.96460723876953,255.99671936035156,92.93743896484375,84.19300079345703
179,2,438.6980895996094,218.15264892578125,34.787803649902344,38.399505615234375
180,100,433.0,207.0,16.0,16.0
180,0,646.611572265625,146.10128784179688,52.60975646972656,96.46206665039062
180,1,123.61309051513672,257.9879455566406,93.4156265258789,84.10562133789062
180,2,438.0838317871094,219.7755126953125,35.01820373535156,38.41522979736328
181,100,428.0,216.0,16.0,16.0
181,0,647.2628784179688,147.56642150878906,53.092247009277344,96.34614562988281
181,1,120.05287170410156,259.64910888671875,94.0759506225586,83.91091918945312
181,2,437.4695739746094,221.39837646484375,35.24860382080078,38.43095397949219
182,100,423.0,225.0,16.0,16.0
182,0,647.9141845703125,149.03155517578125,53.574737548828125,96.230224609375
182,1,116.78148651123047,261.131103515625,93.83126068115234,84.25518035888672
182,2,436.8553161621094,223.021240234375,35.47900390625,38.446678161621094
183,100,418.0,235.0,16.0,16.0
183,0,648.5654907226562,150.49668884277344,54.057228088378906,96.11430358886719
183,1,113.59528350830078,262.6551818847656,94.2125473022461,84.83882141113281
183,2,436.2410583496094,224.64410400390625,35.70940399169922,38.46240234375
184,100,413.0,244.0,16.0,16.0
184,0,649.216796875,151.96182250976562,54.53971862792969,95.99838256835938
184,1,110.76302337646484,264.0803527832031,95.08232879638672,85.05911254882812
184,2,435.6268005371094,226.2669677734375,35.93980407714844,38.478126525878906
185,100,385.0,101.0,5.0,6.0
185,0,649.8681030273438,153.4269561767578,55.02220916748047,95.88246154785156
185,1,107.82940673828125,265.0634765625,95.62982177734375,85.20720672607422
185,2,435.0125427246094,227.88983154296875,36.170204162597656,38.49385070800781
186,100,373.0,96.0,10.0,17.0
186,0,650.5194091796875,154.89208984375,55.50469970703125,95.76654052734375
186,1,105.25301361083984,265.74005126953125,95.80583953857422,85.29993438720703
186,2,434.3982849121094,229.5126953125,36.400604248046875,38.50957489013672
187,100,372.0,100.0,10.0,34.0
187,0,651.1707153320312,156.3572235107422,55.98719024658203,95.65061950683594
187,1,102.62552642822266,266.3736572265625,95.92167663574219,85.13343811035156
187,2,425.9309387207031,233.0440673828125,34.98999786376953,40.299224853515625
188,100,435.0,198.0,9.0,14.0
188,0,651.822021484375,157.82235717773438,56.46968078613281,95.53469848632812
188,1,99.99546813964844,266.7861328125,96.05158233642578,85.3927001953125
188,2,423.6706237792969,234.88148498535156,35.57027053833008,40.95909118652344
189,100,439.0,187.0,9.0,12.0
189,0,652.4733276367188,159.28749084472656,56.952171325683594,95.41877746582031
189,1,97.10521697998047,267.212158203125,96.26376342773438,85.83183288574219
189,2,421.9238586425781,236.2648162841797,35.608184814453125,41.11894989013672
190,100,447.0,173.0,9.0,12.0
190,0,653.1246337890625,160.75262451171875,57.434661865234375,95.3028564453125
190,1,94.3899154663086,267.5172424316406,96.05009460449219,86.04585266113281
190,2,420.4079284667969,237.490478515625,35.541934967041016,41.375797271728516
191,100,465.0,195.0,16.0,16.0
191,0,653.7759399414062,162.21775817871094,57.917152404785156,95.18693542480469
191,1,91.39114379882812,267.7000427246094,96.28469848632812,86.24484252929688
191,2,418.8355407714844,238.7305450439453,35.506385803222656,41.83243179321289
192,100,410.0,89.0,9.0,5.0
192,0,654.42724609375,163.68289184570312,58.39964294433594,95.07101440429688
192,1,88.33905029296875,267.8127746582031,97.45484161376953,86.5019302368164
192,2,417.2165832519531,240.24777221679688,35.5424919128418,42.1469612121582
193,100,409.0,73.0,16.0,16.0
193,0,655.0785522460938,165.1480255126953,58.88213348388672,94.95509338378906
193,1,85.4166259765625,267.8883056640625,98.23670196533203,86.6478500366211
193,2,416.03570556640625,240.9949188232422,35.88798904418945,41.71932601928711
194,100,401.0,45.0,16.0,16.0
194,0,655.7298583984375,166.6131591796875,59.3646240234375,94.83917236328125
194,1,83.7269287109375,267.8818359375,98.75375366210938,86.70858764648438
194,2,415.4169616699219,241.3899688720703,36.0641975402832,41.50726318359375
195,100,393.0,17.0,16.0,16.0
195,0,656.3811645507812,168.0782928466797,59.84711456298828,94.72325134277344
195,1,81.90113830566406,267.94537353515625,98.96075439453125,86.8642578125
195,2,414.11444091796875,242.5010528564453,36.190128326416016,41.56135177612305
196,100,385.0,-10.0,16.0,16.0
196,0,657.032470703125,169.54342651367188,60.32960510253906,94.60733032226562
196,1,79.81269073486328,268.0647277832031,99.01522064208984,87.09867095947266
196,2,412.8504333496094,242.74783325195312,36.040000915527344,41.2381591796875
197,100,414.0,3.0,26.0,9.0
197,0,657.6837768554688,171.00856018066406,60.812095642089844,94.49140930175781
197,1,76.60832214355469,268.6125793457031,98.97027587890625,87.7185287475586
197,2,410.6476745605469,244.1626434326172,36.53914260864258,41.147029876708984
198,100,413.0,-17.0,16.0,16.0
198,0,658.3350830078125,172.47369384765625,61.294586181640625,94.37548828125
198,1,73.68196105957031,269.2362976074219,98.8183364868164,88.29728698730469
198,2,415.7012023925781,163.86605834960938,98.88958740234375,75.8588638305664
199,100,412.0,-36.0,16.0,16.0
199,0,658.9863891601562,173.93882751464844,61.777076721191406,94.25956726074219
199,1,70.89166259765625,269.6734619140625,99.09204864501953,88.56623840332031
199,2,411.88800048828125,189.56663513183594,80.51914978027344,66.14405822753906
200,100,412.0,-55.0,16.0,16.0
200,0,659.6376953125,175.40396118164062,62.25956726074219,94.14364624023438
200,1,68.45720672607422,270.13067626953125,98.76686096191406,88.58073425292969
200,2,408.25823974609375,210.29335021972656,65.6664810180664,57.880279541015625
201,100,412.0,-74.0,16.0,16.0
201,0,660.2890014648438,176.8690948486328,62.74205780029297,94.02772521972656
201,1,66.406494140625,270.4418029785156,98.69381713867188,88.58821868896484
201,2,405.3080749511719,226.42625427246094,54.00977325439453,51.83580017089844
202,100,412.0,-93.0,16.0,16.0
202,0,660.9403076171875,178.334228515625,63.22454833984375,93.91180419921875
202,1,64.75550842285156,270.620361328125,98.09915924072266,88.50150299072266
202,2,402.9541015625,238.59617614746094,45.4428825378418,47.532508850097656
203,100,411.0,-112.0,16.0,16.0
203,0,661.5916137695312,179.7993621826172,63.70703887939453,93.79588317871094
203,1,63.491905212402344,270.69427490234375,97.69741821289062,88.4140625
203,2,401.1405029296875,247.51766967773438,39.58966827392578,43.976566314697266
204,100,424.0,2.0,16.0,6.0
204,0,662.242919921875,181.26449584960938,64.18952941894531,93.67996215820312
204,1,62.78935241699219,270.79510498046875,97.49519348144531,88.06482696533203
204,2,399.8322448730469,253.64527893066406,35.81615447998047,41.40574264526367
205,100,425.0,2.0,17.0,7.0
205,0,662.8942260742188,182.72962951660156,64.6720199584961,93.56404113769531
205,1,62.602882385253906,270.8765869140625,97.17340850830078,87.47138977050781
205,2,398.8389892578125,257.5184631347656,33.8563232421875,39.85027313232422
206,100,426.0,2.0,17.0,7.0
206,0,641.7081909179688,201.6870574951172,54.13153839111328,85.94232177734375
206,1,62.82194137573242,271.0108642578125,96.67973327636719,86.82625579833984
206,2,397.9830627441406,259.68695068359375,33.51490783691406,39.16218185424805
207,100,426.0,2.0,17.0,7.0
207,0,641.3062744140625,202.85226440429688,53.85975646972656,86.30317687988281
207,1,63.344329833984375,271.04412841796875,96.1115493774414,86.34735107421875
207,2,397.2776794433594,260.759033203125,33.491329193115234,39.32291793823242
208,100,426.0,2.0,17.0,6.0
208,0,640.7662353515625,203.74966430664062,53.479190826416016,87.1464614868164
208,1,64.02518463134766,270.90765380859375,95.61189270019531,86.2747573852539
208,2,396.5450134277344,261.11907958984375,33.883975982666016,40.27579116821289
209,100,426.0,2.0,18.0,7.0
209,0,640.21044921875,204.87966918945312,53.873695373535156,87.4937744140625
209,1,64.23859405517578,270.5045471191406,96.4619140625,85.93020629882812
209,2,395.9653625488281,260.8658142089844,34.38813018798828,41.14217758178711
210,100,426.0,3.0,33.0,9.0
210,0,639.9108276367188,205.33233642578125,54.439754486083984,88.57221221923828
210,1,64.56669616699219,269.93817138671875,97.17005157470703,85.49748992919922
210,2,395.711181640625,260.36456298828125,34.637542724609375,41.48008728027344
211,100,427.0,3.0,33.0,10.0
211,0,639.513671875,206.56353759765625,54.63069534301758,88.9819107055664
211,1,65.3726806640625,269.1158142089844,97.47847747802734,85.10993957519531
211,2,395.6336669921875,259.67999267578125,34.99784469604492,41.802101135253906
212,100,427.0,3.0,33.0,11.0
212,0,639.1165161132812,207.79473876953125,54.82163619995117,89.39160919189453
212,1,66.78463745117188,268.1097106933594,97.12966918945312,84.84227752685547
212,2,395.6595764160156,258.84912109375,35.40439224243164,41.94762420654297
213,100,427.0,3.0,33.0,11.0
213,0,638.7193603515625,209.02593994140625,55.012577056884766,89.80130767822266
213,1,67.76126098632812,267.43377685546875,96.86835479736328,84.7037582397461
213,2,395.7598571777344,258.10595703125,35.773681640625,42.051902770996094
214,100,427.0,4.0,31.0,13.0
214,0,639.3248901367188,207.32273864746094,54.97850036621094,90.06893920898438
214,1,69.1209716796875,266.77020263671875,96.25081634521484,84.37361145019531
214,2,395.906494140625,257.463134765625,35.97953796386719,42.13355255126953
215,100,427.0,4.0,16.0,16.0
215,0,639.5513305664062,207.52413940429688,55.11551284790039,90.31494140625
215,1,69.92880249023438,266.1900329589844,96.06495666503906,84.08335876464844
215,2,396.1598815917969,256.77716064453125,36.037254333496094,42.17970275878906
216,100,427.0,4.0,16.0,16.0
216,0,639.995849609375,208.20925903320312,54.76639938354492,89.83866882324219
216,1,70.73663330078125,265.60986328125,95.87909698486328,83.79310607910156
216,2,396.772705078125,255.97561645507812,36.06930923461914,42.068817138671875
217,100,427.0,4.0,16.0,16.0
217,0,640.282958984375,208.60763549804688,54.08405303955078,89.47663116455078
217,1,75.4498062133789,262.2412109375,93.5134048461914,82.96939849853516
217,2,397.52008056640625,255.03062438964844,36.217533111572266,42.03604507446289
218,100,427.0,5.0,16.0,16.0
218,0,640.6553344726562,208.6571044921875,53.539737701416016,89.33881378173828
218,1,77.07218170166016,261.0794372558594,92.87288665771484,82.56787872314453
218,2,398.2813720703125,254.08621215820312,35.916194915771484,40.976558685302734
219,100,427.0,5.0,16.0,16.0
219,0,641.1754760742188,208.692626953125,52.78583908081055,88.90247344970703
219,1,78.6945571899414,259.91766357421875,92.23236846923828,82.1663589477539
219,2,399.2862243652344,253.40927124023438,35.555538177490234,40.59596252441406
220,100,409.0,33.0,6.0,4.0
220,0,641.7988891601562,208.82875061035156,52.25718688964844,87.49300384521484
220,1,83.28160858154297,256.8687438964844,91.30397033691406,81.42839813232422
220,2,400.4108581542969,252.74099731445312,35.33344268798828,40.326507568359375
221,100,477.0,135.0,11.0,10.0
221,0,642.5494384765625,208.88763427734375,51.82448959350586,86.56864929199219
221,1,85.45813751220703,255.35421752929688,90.6096420288086,80.9639892578125
221,2,401.6309509277344,252.1039276123047,35.12226486206055,40.13933563232422
222,100,460.0,150.0,9.0,9.0
222,0,643.6207275390625,208.7953338623047,52.024169921875,86.1229248046875
222,1,89.4010238647461,253.56982421875,89.10980224609375,80.99651336669922
222,2,402.8336486816406,251.27099609375,34.89860153198242,39.848854064941406
223,100,449.0,151.0,10.0,13.0
223,0,644.4923095703125,208.68411254882812,52.33144760131836,85.42974090576172
223,1,92.27808380126953,251.6933135986328,88.7046127319336,80.66604614257812
223,2,404.0668640136719,250.31875610351562,34.702728271484375,39.58677673339844
224,100,438.0,143.0,11.0,14.0
224,0,645.1870727539062,208.552734375,52.72819519042969,84.7685546875
224,1,94.67866516113281,249.8926239013672,88.4245376586914,80.58883666992188
224,2,405.04962158203125,249.16964721679688,34.712032318115234,39.41510009765625
225,100,429.0,129.0,11.0,14.0
225,0,645.7908935546875,208.3584747314453,53.085418701171875,84.20687866210938
225,1,97.40029907226562,247.8806915283203,87.58383178710938,80.33038330078125
225,2,405.8258056640625,248.14248657226562,34.75869369506836,39.321449279785156
226,100,425.0,111.0,12.0,14.0
226,0,646.3275756835938,208.21971130371094,53.45802688598633,83.73921203613281
226,1,100.13965606689453,245.74046325683594,86.9687271118164,79.88434600830078
226,2,406.43560791015625,247.2461395263672,34.961944580078125,39.45610427856445
227,100,422.0,94.0,12.0,15.0
227,0,646.8363647460938,208.0560302734375,54.269371032714844,82.80725860595703
227,1,102.6573257446289,243.6747589111328,86.48899841308594,79.41107177734375
227,2,406.8972473144531,246.30516052246094,35.075965881347656,39.40341567993164
228,100,419.0,81.0,10.0,12.0
228,0,647.0214233398438,208.035400390625,54.47808074951172,82.72868347167969
228,1,105.24539947509766,241.93223571777344,85.66841888427734,78.39574432373047
228,2,407.24835205078125,245.29965209960938,35.118587493896484,39.03458023071289
229,100,415.0,76.0,11.0,13.0
229,0,646.7337646484375,208.0093231201172,54.519187927246094,82.75682830810547
229,1,107.47158813476562,240.5447235107422,84.3787612915039,77.09500885009766
229,2,407.3409118652344,244.50637817382812,35.031246185302734,38.799137115478516
230,100,413.0,76.0,11.0,13.0
230,0,646.279541015625,207.9064483642578,55.16260528564453,82.69485473632812
230,1,109.06808471679688,239.4618682861328,83.19441223144531,76.37992095947266
230,2,407.853271484375,243.60897827148438,35.02741622924805,38.612449645996094
231,100,411.0,81.0,11.0,13.0
231,0,646.3864135742188,207.83750915527344,55.5006103515625,82.40095520019531
231,1,110.10064697265625,238.21043395996094,82.86121368408203,75.64707946777344
231,2,406.7571105957031,243.04098510742188,34.558475494384766,38.521263122558594
232,100,411.0,81.0,11.0,13.0
232,0,646.4932861328125,207.76856994628906,55.83861541748047,82.1070556640625
232,1,110.50172424316406,237.54232788085938,82.75032806396484,75.20606994628906
232,2,406.2260437011719,242.7454376220703,34.293636322021484,38.47098922729492
233,100,409.0,91.0,10.0,13.0
233,0,646.6001586914062,207.6996307373047,56.17662048339844,81.81315612792969
233,1,110.99557495117188,236.44735717773438,83.23775482177734,74.86768341064453
233,2,405.86444091796875,242.03285217285156,33.96305847167969,37.84464645385742
234,100,407.0,116.0,10.0,14.0
234,0,646.70703125,207.6306915283203,56.514625549316406,81.51925659179688
234,1,111.5561752319336,234.67172241210938,84.49609375,74.8890609741211
234,2,405.1697692871094,240.9654541015625,33.81888198852539,37.778194427490234
235,100,407.0,128.0,10.0,14.0
235,0,646.8139038085938,207.56175231933594,56.852630615234375,81.22535705566406
235,1,112.66636657714844,233.29827880859375,84.5675277709961,74.46520233154297
235,2,404.529541015625,240.34547424316406,33.35911178588867,37.62496566772461
236,100,407.0,137.0,9.0,14.0
236,0,646.9207763671875,207.49281311035156,57.190635681152344,80.93145751953125
236,1,113.77655792236328,231.92483520507812,84.63896179199219,74.04134368896484
236,2,404.0964660644531,239.7224884033203,33.0160026550293,37.5492057800293
237,100,406.0,147.0,9.0,15.0
237,0,647.0276489257812,207.4238739013672,57.52864074707031,80.63755798339844
237,1,114.88674926757812,230.5513916015625,84.71039581298828,73.61748504638672
237,2,403.874755859375,239.0898895263672,32.88603591918945,37.68568420410156
238,100,406.0,156.0,7.0,13.0
238,0,647.134521484375,207.3549346923828,57.86664581298828,80.34365844726562
238,1,115.99694061279297,229.17794799804688,84.78182983398438,73.1936264038086
238,2,403.6356201171875,238.5727081298828,32.77122497558594,37.72074508666992
239,100,405.0,164.0,7.0,13.0
239,0,647.2413940429688,207.28599548339844,58.20465087890625,80.04975891113281
239,1,117.10713195800781,227.80450439453125,84.85326385498047,72.76976776123047
239,2,403.4984130859375,238.10118103027344,32.73948287963867,37.50486755371094
240,100,405.0,171.0,8.0,14.0
240,0,647.3482666015625,207.21705627441406,58.54265594482422,79.755859375
240,1,118.21732330322266,226.43106079101562,84.92469787597656,72.34590911865234
240,2,403.4560852050781,237.62950134277344,32.61052703857422,37.16245651245117
241,100,403.0,178.0,7.0,14.0
241,0,647.4551391601562,207.1481170654297,58.88066101074219,79.46195983886719
241,1,119.3275146484375,225.0576171875,84.99613189697266,71.92205047607422
241,2,403.43658447265625,237.12149047851562,32.454444885253906,36.78512954711914
242,100,402.0,184.0,7.0,13.0
242,0,647.56201171875,207.0791778564453,59.218666076660156,79.16806030273438
242,1,120.43770599365234,223.68417358398438,85.06756591796875,71.4981918334961
242,2,403.4573669433594,236.52835083007812,32.29365921020508,36.40718078613281
243,100,401.0,191.0,6.0,14.0
243,0,647.6688842773438,207.01023864746094,59.556671142578125,78.87416076660156
243,1,121.54789733886719,222.31072998046875,85.13899993896484,71.07433319091797
243,2,403.3043212890625,236.03123474121094,32.21141815185547,36.155677795410156
244,100,400.0,197.0,6.0,14.0
244,0,647.7757568359375,206.94129943847656,59.894676208496094,78.58026123046875
244,1,122.65808868408203,220.93728637695312,85.21043395996094,70.65047454833984
244,2,403.0920715332031,235.59596252441406,32.226985931396484,35.63151931762695
245,100,399.0,205.0,5.0,13.0
245,0,647.8826293945312,206.8723602294922,60.23268127441406,78.28636169433594
245,1,123.76828002929688,219.5638427734375,85.28186798095703,70.22661590576172
245,2,402.9012756347656,235.2603759765625,32.186134338378906,35.74839401245117
246,100,398.0,210.0,5.0,12.0
246,0,647.989501953125,206.8034210205078,60.57068634033203,77.99246215820312
246,1,124.87847137451172,218.19039916992188,85.35330200195312,69.8027572631836
246,2,402.6485595703125,235.20326232910156,32.081268310546875,34.84041213989258
247,100,397.0,213.0,5.0,8.0
247,0,648.0963745117188,206.73448181152344,60.90869140625,77.69856262207031
247,1,125.98866271972656,216.81695556640625,85.42473602294922,69.37889862060547
247,2,402.4039611816406,235.2936553955078,32.088768005371094,34.3777961730957
248,100,395.0,213.0,5.0,7.0
248,0,648.0963745117188,206.73448181152344,60.90869140625,77.69856262207031
248,1,125.98866271972656,216.81695556640625,85.42473602294922,69.37889862060547
248,2,402.4039611816406,235.2936553955078,32.088768005371094,34.3777961730957
249,100,372.0,111.0,4.0,10.0
249,0,648.0963745117188,206.73448181152344,60.90869140625,77.69856262207031
249,1,125.98866271972656,216.81695556640625,85.42473602294922,69.37889862060547
249,2,402.4039611816406,235.2936553955078,32.088768005371094,34.3777961730957
250,100,368.0,102.0,16.0,16.0
250,0,648.0963745117188,206.73448181152344,60.90869140625,77.69856262207031
250,1,125.98866271972656,216.81695556640625,85.42473602294922,69.37889862060547
250,2,402.4039611816406,235.2936553955078,32.088768005371094,34.3777961730957
251,100,359.0,72.0,16.0,16.0
251,0,648.0963745117188,206.73448181152344,60.90869140625,77.69856262207031
251,1,125.98866271972656,216.81695556640625,85.42473602294922,69.37889862060547
251,2,402.4039611816406,235.2936553955078,32.088768005371094,34.3777961730957
252,100,121.0,250.0,11.0,6.0
252,0,634.1676025390625,211.1502685546875,47.452674865722656,80.83131408691406
252,1,127.0988540649414,215.44351196289062,85.49617004394531,68.95503997802734
252,2,402.2064208984375,235.04139709472656,32.02388381958008,33.97134780883789
253,100,121.0,249.0,21.0,6.0
253,0,633.2978515625,211.3933868408203,46.83088684082031,80.77584838867188
253,1,128.20904541015625,214.070068359375,85.5676040649414,68.53118133544922
253,2,402.293212890625,237.71078491210938,31.989736557006836,34.25260925292969
254,100,122.0,248.0,33.0,9.0
254,0,633.9192504882812,213.5205841064453,46.856651306152344,80.53433227539062
254,1,129.31922912597656,212.69662475585938,85.6390380859375,68.1073226928711
254,2,402.60211181640625,239.46434020996094,31.933988571166992,34.5147590637207
255,100,123.0,248.0,38.0,10.0
255,0,633.935302734375,214.69967651367188,46.751888275146484,80.75222778320312
255,1,130.42941284179688,211.32318115234375,85.7104721069336,67.68346405029297
255,2,402.8433532714844,240.68992614746094,32.056392669677734,35.573490142822266
256,100,124.0,246.0,43.0,12.0
256,0,634.0425415039062,215.9379425048828,46.831424713134766,81.01001739501953
256,1,131.5395965576172,209.94973754882812,85.78190612792969,67.25960540771484
256,2,403.0208740234375,241.87026977539062,32.100955963134766,36.13272476196289
257,100,411.0,196.0,5.0,11.0
257,0,633.741943359375,216.8046417236328,46.55359649658203,81.066162109375
257,1,132.6497802734375,208.5762939453125,85.85334014892578,66.83574676513672
257,2,403.03668212890625,242.69769287109375,32.035247802734375,36.72522735595703
258,100,420.0,182.0,6.0,12.0
258,0,634.2380981445312,218.86444091796875,46.844459533691406,81.0116958618164
258,1,133.7599639892578,207.20285034179688,85.92477416992188,66.4118881225586
258,2,402.8287353515625,243.53541564941406,32.22370910644531,37.085994720458984
259,100,433.0,165.0,6.0,8.0
259,0,634.5062866210938,220.15167236328125,47.369667053222656,81.18962860107422
259,1,134.87014770507812,205.82940673828125,85.99620819091797,65.98802947998047
259,2,402.3697204589844,244.3506622314453,32.47624969482422,37.19337844848633
260,100,446.0,142.0,12.0,12.0
260,0,634.5408935546875,220.9579620361328,47.75432586669922,81.6725845336914
260,1,135.98033142089844,204.45596313476562,86.06764221191406,65.56417083740234
260,2,401.81146240234375,245.26719665527344,32.505531311035156,36.93229293823242
261,100,460.0,119.0,12.0,12.0
261,0,634.5375366210938,222.05482482910156,47.86357116699219,81.83890533447266
261,1,132.1438446044922,229.21917724609375,73.95917510986328,69.27233123779297
261,2,401.1148681640625,246.27406311035156,32.392791748046875,36.936031341552734
262,100,476.0,92.0,15.0,12.0
262,0,634.3496704101562,224.3575897216797,48.36666488647461,80.97259521484375
262,1,132.974365234375,229.32337951660156,73.34201049804688,69.08207702636719
262,2,400.31329345703125,247.3607177734375,32.27104187011719,37.18128204345703
263,100,494.0,68.0,16.0,10.0
263,0,633.9006958007812,226.16143798828125,48.56280517578125,80.28514099121094
263,1,133.8048858642578,229.42758178710938,72.72484588623047,68.8918228149414
263,2,399.43048095703125,248.49940490722656,31.7066593170166,37.1027946472168
264,100,511.0,43.0,16.0,10.0
264,0,633.6451416015625,227.8985137939453,49.73383331298828,79.99140167236328
264,1,134.63540649414062,229.5317840576172,72.10768127441406,68.70156860351562
264,2,398.41680908203125,249.74951171875,31.57861328125,36.939022064208984
265,100,519.0,22.0,14.0,10.0
265,0,632.9361572265625,229.5896759033203,50.67876052856445,80.39309692382812
265,1,135.46592712402344,229.635986328125,71.49051666259766,68.51131439208984
265,2,397.40142822265625,251.0724334716797,31.821197509765625,36.75703048706055
266,100,529.0,6.0,10.0,11.0
266,0,632.3619995117188,231.06263732910156,50.93809127807617,81.11227416992188
266,1,136.29644775390625,229.7401885986328,70.87335205078125,68.32106018066406
266,2,396.1752014160156,252.23512268066406,32.08212661743164,36.62557601928711
267,100,534.0,1.0,14.0,5.0
267,0,631.8757934570312,232.40464782714844,50.78350830078125,81.52344512939453
267,1,137.12696838378906,229.84439086914062,70.25618743896484,68.13080596923828
267,2,394.80157470703125,253.22885131835938,32.3557243347168,36.791873931884766
268,100,535.0,0.0,11.0,3.0
268,0,630.74755859375,233.74085998535156,51.44302749633789,82.31996154785156
268,1,137.95748901367188,229.94859313964844,69.63902282714844,67.9405517578125
268,2,393.2170715332031,254.23748779296875,32.65951919555664,37.146949768066406
269,100,539.0,2.0,15.0,6.0
269,0,629.9967041015625,235.19613647460938,51.26365280151367,82.88021850585938
269,1,138.7880096435547,230.05279541015625,69.02185821533203,67.75029754638672
269,2,391.4438171386719,255.1609344482422,32.788719177246094,37.18708801269531
270,100,539.0,2.0,15.0,6.0
270,0,629.6538696289062,236.01266479492188,50.90650177001953,83.2734603881836
270,1,139.6185302734375,230.15699768066406,68.40469360351562,67.56004333496094
270,2,390.3028564453125,255.69296264648438,32.910194396972656,37.24117660522461
271,100,541.0,7.0,13.0,7.0
271,0,628.8783569335938,236.9713592529297,51.05937576293945,83.89051818847656
271,1,140.4490509033203,230.26119995117188,67.78752899169922,67.36978912353516
271,2,388.9164733886719,256.5636901855469,33.00115203857422,36.878196716308594
272,100,539.0,23.0,12.0,8.0
272,0,627.1638793945312,238.9645538330078,51.30198669433594,84.43683624267578
272,1,141.27957153320312,230.3654022216797,67.17036437988281,67.17953491210938
272,2,386.51873779296875,258.2928771972656,32.87860107421875,37.03864669799805
273,100,537.0,32.0,10.0,6.0
273,0,625.7622680664062,241.18556213378906,51.017189025878906,83.75768280029297
273,1,142.11009216308594,230.4696044921875,66.5531997680664,66.9892807006836
273,2,384.2231140136719,259.80999755859375,32.88066864013672,37.26987075805664
274,100,534.0,37.0,13.0,8.0
274,0,624.286376953125,243.02587890625,50.72562789916992,83.1401596069336
274,1,142.94061279296875,230.5738067626953,65.93603515625,66.79902648925781
274,2,381.8642578125,261.2144470214844,32.80864334106445,37.24625015258789
275,100,532.0,41.0,13.0,7.0
275,0,622.6182861328125,244.52401733398438,50.780128479003906,83.4203872680664
275,1,143.77113342285156,230.67800903320312,65.3188705444336,66.60877227783203
275,2,379.76690673828125,262.3052062988281,32.78730392456055,36.99946594238281
276,100,528.0,43.0,14.0,7.0
276,0,621.0975341796875,245.74119567871094,51.118839263916016,83.7304916381836
276,1,111.42381286621094,239.00335693359375,72.41736602783203,68.49337768554688
276,2,377.68707275390625,263.26715087890625,32.981597900390625,36.827491760253906
277,100,525.0,44.0,12.0,8.0
277,0,619.7537231445312,246.97206115722656,50.61952590942383,83.35054779052734
277,1,109.55791473388672,239.5521240234375,71.73775482177734,68.4664077758789
277,2,375.7152404785156,263.8475341796875,33.060516357421875,36.79206466674805
278,100,523.0,46.0,13.0,8.0
278,0,618.6025390625,247.9641876220703,49.89789581298828,82.92459869384766
278,1,107.73065185546875,239.7563018798828,71.7774658203125,68.55667114257812
278,2,373.7856750488281,264.2510986328125,33.30000305175781,36.82716751098633
279,100,520.0,48.0,13.0,9.0
279,0,617.4603271484375,248.78414916992188,49.06536102294922,82.44937133789062
279,1,106.39588165283203,239.75894165039062,71.89823913574219,68.91970825195312
279,2,372.024658203125,264.6924743652344,33.54545593261719,37.065189361572266
280,100,516.0,52.0,12.0,8.0
280,0,616.4916381835938,249.53775024414062,48.93959426879883,82.75242614746094
280,1,105.17196655273438,239.53956604003906,72.18810272216797,68.9057388305664
280,2,370.3297119140625,265.0596923828125,33.70522689819336,37.534236907958984
281,100,509.0,64.0,15.0,9.0
281,0,615.4949340820312,250.19297790527344,48.47969055175781,83.09565734863281
281,1,103.61775207519531,239.1944122314453,72.81514739990234,68.94839477539062
281,2,368.58612060546875,265.3675842285156,33.932029724121094,37.8690071105957
282,100,500.0,78.0,15.0,9.0
282,0,614.5322875976562,250.6162872314453,48.31649398803711,83.59199523925781
282,1,102.08003997802734,239.2790069580078,73.03266906738281,69.00897979736328
282,2,366.6280822753906,265.42767333984375,33.371253967285156,37.98598098754883
283,100,486.0,96.0,15.0,10.0
283,0,613.5527954101562,251.05303955078125,48.384788513183594,84.24439239501953
283,1,100.54232788085938,239.3636016845703,73.25019073486328,69.06956481933594
283,2,364.6883850097656,265.34246826171875,33.42277145385742,37.775665283203125
284,100,467.0,115.0,14.0,11.0
284,0,612.4241333007812,251.31991577148438,48.4004020690918,84.89153289794922
284,1,99.0046157836914,239.4481964111328,73.46771240234375,69.1301498413086
284,2,362.67852783203125,265.05450439453125,33.35231018066406,37.3365592956543
285,100,445.0,131.0,12.0,12.0
285,0,611.2161254882812,251.69595336914062,48.604400634765625,85.05550384521484
285,1,97.46690368652344,239.5327911376953,73.68523406982422,69.19073486328125
285,2,360.50006103515625,264.8652648925781,33.404266357421875,37.938724517822266
286,100,425.0,144.0,11.0,13.0
286,0,609.5990600585938,252.1156768798828,48.249671936035156,85.23458099365234
286,1,93.81751251220703,235.2356414794922,74.52313995361328,69.2280502319336
286,2,358.4326477050781,264.6378173828125,33.39590072631836,38.11301040649414
287,100,405.0,152.0,10.0,11.0
287,0,608.2060546875,252.5458221435547,48.22947692871094,85.90398406982422
287,1,91.48806762695312,234.10476684570312,74.89838409423828,69.44303131103516
287,2,356.2409362792969,264.438720703125,33.619720458984375,38.2049446105957
288,100,386.0,158.0,6.0,11.0
288,0,606.4306030273438,253.04066467285156,48.44968032836914,86.55315399169922
288,1,89.3375473022461,233.48033142089844,75.38490295410156,70.141845703125
288,2,354.06207275390625,264.34979248046875,33.8333625793457,38.09900665283203
289,100,386.0,158.0,6.0,11.0
289,0,605.3350219726562,253.32568359375,48.625980377197266,86.98345947265625
289,1,88.10588073730469,233.12741088867188,75.67713928222656,70.57730102539062
289,2,352.78570556640625,264.2919006347656,33.97908020019531,38.00332260131836
290,100,373.0,156.0,5.0,12.0
290,0,604.2722778320312,253.76905822753906,48.577171325683594,87.34314727783203
290,1,86.8260726928711,232.73631286621094,75.81769561767578,70.84239959716797
290,2,351.3863220214844,264.26080322265625,34.20789337158203,37.91373825073242
291,100,344.0,136.0,8.0,12.0
291,0,603.0264282226562,254.2153778076172,48.835792541503906,87.69173431396484
291,1,85.30711364746094,231.7769317626953,75.68219757080078,71.34339904785156
291,2,349.1372985839844,264.192626953125,34.27934265136719,38.35653305053711
292,100,332.0,121.0,9.0,11.0
292,0,601.9586181640625,254.47528076171875,49.12269592285156,88.12117767333984
292,1,83.66463470458984,231.1092987060547,75.86609649658203,71.6718521118164
292,2,347.1426086425781,263.89312744140625,34.4835205078125,38.56641387939453
293,100,322.0,107.0,7.0,8.0
293,0,601.00341796875,254.5201873779297,49.377960205078125,88.66018676757812
293,1,82.02215576171875,230.44166564941406,76.04999542236328,72.00030517578125
293,2,345.44866943359375,263.1961364746094,34.35422134399414,38.210540771484375
294,100,314.0,93.0,7.0,7.0
294,0,600.3382568359375,254.49362182617188,49.728477478027344,88.71552276611328
294,1,80.37967681884766,229.77403259277344,76.23389434814453,72.3287582397461
294,2,344.1259460449219,262.44195556640625,34.10093307495117,38.11375427246094
295,100,309.0,82.0,8.0,6.0
295,0,600.072998046875,254.37176513671875,49.841514587402344,88.80391693115234
295,1,82.06076049804688,226.6652374267578,76.3227767944336,70.60261535644531
295,2,343.2987060546875,261.6097717285156,34.06964111328125,38.15541458129883
296,100,304.0,75.0,9.0,7.0
296,0,600.0149536132812,254.25714111328125,49.89789962768555,88.80626678466797
296,1,82.33946228027344,224.98779296875,76.37445068359375,69.89240264892578
296,2,342.7319030761719,260.7610778808594,34.30027770996094,38.141780853271484
297,100,302.0,73.0,10.0,6.0
297,0,600.1310424804688,254.06610107421875,49.90274429321289,88.73308563232422
297,1,81.57746887207031,223.75286865234375,76.51787567138672,69.70603942871094
297,2,342.5086364746094,259.9960021972656,34.548038482666016,38.10771179199219
298,100,300.0,77.0,5.0,7.0
298,0,600.1712646484375,253.9124755859375,50.1379280090332,89.22433471679688
298,1,80.81547546386719,222.5179443359375,76.66130065917969,69.5196762084961
298,2,342.6602478027344,259.2091369628906,34.357177734375,38.08017349243164
299,100,302.0,83.0,10.0,8.0
299,0,600.431396484375,253.5767059326172,50.195037841796875,89.40308380126953
299,1,80.05348205566406,221.28302001953125,76.80472564697266,69.33331298828125
299,2,342.9710388183594,258.5150451660156,34.1584358215332,38.238895416259766
300,100,304.0,93.0,9.0,9.0
300,0,600.9534912109375,253.19325256347656,49.90847396850586,89.47962188720703
300,1,79.29148864746094,220.048095703125,76.94815063476562,69.1469497680664
300,2,343.4693603515625,257.5887451171875,34.33349609375,38.410640716552734
301,100,305.0,105.0,13.0,11.0
301,0,601.5608520507812,252.99192810058594,49.67177963256836,89.4276123046875
301,1,78.52949523925781,218.81317138671875,77.0915756225586,68.96058654785156
301,2,344.20208740234375,256.5799255371094,34.37360763549805,38.368797302246094
302,100,308.0,117.0,11.0,12.0
302,0,602.3565063476562,252.7538604736328,49.517723083496094,89.61563110351562
302,1,88.932373046875,216.68560791015625,74.80416870117188,70.1417007446289
302,2,345.226806640625,255.6143798828125,34.49622344970703,38.290889739990234
303,100,311.0,130.0,10.0,11.0
303,0,603.232666015625,252.29409790039062,49.44938659667969,90.04536437988281
303,1,91.43211364746094,215.11090087890625,74.2726058959961,69.69873046875
303,2,346.2578430175781,254.60867309570312,34.55006408691406,38.15393829345703
304,100,314.0,142.0,10.0,11.0
304,0,604.1510009765625,251.86439514160156,49.56806182861328,90.18161010742188
304,1,93.79232788085938,214.08677673339844,73.64568328857422,69.13223266601562
304,2,347.42626953125,253.7619171142578,34.63453674316406,38.093406677246094
305,100,317.0,152.0,9.0,12.0
305,0,605.136474609375,251.353271484375,49.77112579345703,90.056640625
305,1,96.06017303466797,212.96128845214844,73.43730926513672,68.92980194091797
305,2,348.679443359375,253.07965087890625,34.463653564453125,38.019596099853516
306,100,321.0,161.0,10.0,13.0
306,0,606.241943359375,250.8171844482422,49.79945755004883,89.75057983398438
306,1,98.46424102783203,211.58615112304688,73.20933532714844,68.66738891601562
306,2,350.175048828125,252.2763671875,34.229400634765625,37.86568832397461
307,100,322.0,161.0,10.0,14.0
307,0,606.9638671875,250.50660705566406,49.83087921142578,89.49407196044922
307,1,100.30497741699219,210.28530883789062,72.91541290283203,68.46731567382812
307,2,351.12359619140625,251.86346435546875,34.080711364746094,37.78948211669922
308,100,324.0,168.0,9.0,13.0
308,0,608.035888671875,249.89361572265625,49.700286865234375,89.4006118774414
308,1,101.66913604736328,209.6336212158203,73.21047973632812,68.17903900146484
308,2,352.18017578125,250.8373260498047,33.871429443359375,37.128055572509766
309,100,328.0,175.0,9.0,13.0
309,0,609.1080932617188,248.87770080566406,49.321502685546875,89.73731994628906
309,1,103.32019805908203,208.36973571777344,72.72405242919922,68.55777740478516
309,2,353.27783203125,249.67398071289062,33.88676834106445,36.902137756347656
310,100,335.0,187.0,9.0,14.0
310,0,610.914794921875,247.5407257080078,49.90727615356445,89.36579895019531
310,1,106.02619934082031,206.0852813720703,72.46846771240234,68.48580169677734
310,2,354.79730224609375,247.72665405273438,33.560272216796875,36.74591827392578
311,100,338.0,192.0,9.0,15.0
311,0,612.0775146484375,245.936767578125,50.18886947631836,89.88878631591797
311,1,107.97491455078125,204.64462280273438,72.23074340820312,68.40765380859375
311,2,356.4494323730469,245.82363891601562,33.666568756103516,36.93732452392578
312,100,341.0,196.0,9.0,13.0
312,0,613.2735595703125,244.71189880371094,50.23640823364258,89.76681518554688
312,1,109.92362976074219,203.20396423339844,71.9930191040039,68.32950592041016
312,2,357.8326721191406,244.2163848876953,33.5529899597168,37.23060989379883
313,100,342.0,199.0,8.0,13.0
313,0,614.27978515625,243.6210479736328,50.284576416015625,89.47509002685547
313,1,113.37152862548828,200.9785919189453,70.6858139038086,67.46903228759766
313,2,358.9322509765625,242.96202087402344,33.380615234375,37.61029052734375
314,100,344.0,200.0,8.0,13.0
314,0,615.2959594726562,242.74305725097656,50.85234832763672,89.44921112060547
314,1,115.63015747070312,199.37571716308594,70.22700500488281,67.22916412353516
314,2,360.1819763183594,241.59056091308594,33.27096176147461,37.70235061645508
315,100,347.0,201.0,8.0,14.0
315,0,615.7677001953125,242.00302124023438,50.757301330566406,88.82238006591797
315,1,117.88878631591797,197.77284240722656,69.76819610595703,66.98929595947266
315,2,361.43170166015625,240.21910095214844,33.16130828857422,37.794410705566406
316,100,348.0,202.0,8.0,14.0
316,0,616.1859741210938,241.20758056640625,51.16035842895508,89.14494323730469
316,1,120.14741516113281,196.1699676513672,69.30938720703125,66.74942779541016
316,2,362.6814270019531,238.84764099121094,33.05165481567383,37.886470794677734
317,100,350.0,203.0,8.0,14.0
317,0,616.3218383789062,240.10011291503906,51.26253128051758,89.07719421386719
317,1,122.40604400634766,194.5670928955078,68.85057830810547,66.50955963134766
317,2,363.93115234375,237.47618103027344,32.94200134277344,37.97853088378906
318,100,352.0,203.0,8.0,13.0
318,0,616.4518432617188,238.8767852783203,51.748226165771484,88.6876449584961
318,1,124.6646728515625,192.96421813964844,68.39176940917969,66.26969146728516
318,2,365.1808776855469,236.10472106933594,32.83234786987305,38.07059097290039
319,100,353.0,203.0,7.0,13.0
319,0,616.388671875,237.37689208984375,51.85432434082031,88.51113891601562
319,1,126.92330169677734,191.36134338378906,67.9329605102539,66.02982330322266
319,2,366.43060302734375,234.73326110839844,32.722694396972656,38.16265106201172
320,100,354.0,204.0,7.0,13.0
320,0,615.7905883789062,235.78562927246094,51.631591796875,87.73863983154297
320,1,129.1819305419922,189.7584686279297,67.47415161132812,65.78995513916016
320,2,363.2108154296875,231.3004608154297,32.11985778808594,36.25947189331055
321,100,356.0,205.0,6.0,10.0
321,0,614.779541015625,234.13816833496094,51.23893356323242,87.71659088134766
321,1,131.44056701660156,188.1555938720703,67.01534271240234,65.55008697509766
321,2,363.1031188964844,229.5911407470703,31.814050674438477,35.369293212890625
322,100,357.0,205.0,6.0,9.0
322,0,613.366943359375,232.905029296875,50.81056594848633,87.8057861328125
322,1,133.69920349121094,186.55271911621094,66.55653381347656,65.31021881103516
322,2,363.6063232421875,227.92404174804688,31.61419105529785,35.064552307128906
323,100,356.0,203.0,6.0,8.0
323,0,611.9672241210938,231.99380493164062,49.86504364013672,88.10843658447266
323,1,135.9578399658203,184.94984436035156,66.09772491455078,65.07035064697266
323,2,364.1095275878906,226.25694274902344,31.414331436157227,34.75981140136719
324,100,355.0,202.0,5.0,8.0
324,0,610.4876098632812,231.0497283935547,48.85662078857422,88.43841552734375
324,1,129.8744354248047,179.31463623046875,67.7024917602539,65.20791625976562
324,2,362.0246887207031,225.06570434570312,31.457324981689453,34.31328201293945
325,100,353.0,201.0,6.0,8.0
325,0,608.82763671875,230.303466796875,48.52415084838867,88.54829406738281
325,1,130.26370239257812,177.56997680664062,67.4882583618164,64.68811798095703
325,2,360.956298828125,223.4960174560547,31.4527645111084,34.72734069824219
326,100,353.0,201.0,6.0,7.0
326,0,607.9369506835938,229.971435546875,48.17536163330078,88.66325378417969
326,1,130.56874084472656,176.60215759277344,67.37467193603516,64.4412612915039
326,2,360.362060546875,222.63638305664062,31.467710494995117,34.97434616088867
327,100,351.0,199.0,5.0,6.0
327,0,606.3858642578125,229.6292266845703,48.059226989746094,89.29190826416016
327,1,130.6663818359375,175.42323303222656,67.27404022216797,63.733367919921875
327,2,359.4463806152344,221.63885498046875,31.525177001953125,35.398441314697266
328,100,348.0,191.0,7.0,11.0
328,0,604.7166137695312,229.29441833496094,48.26942825317383,89.51850891113281
328,1,131.47434997558594,173.82630920410156,67.08641052246094,63.36408996582031
328,2,358.6504821777344,220.86363220214844,31.719226837158203,35.95074462890625
329,100,349.0,185.0,7.0,11.0
329,0,603.5045776367188,229.03138732910156,48.416893005371094,89.4366455078125
329,1,132.28231811523438,172.22938537597656,66.8987808227539,62.99481201171875
329,2,358.3230895996094,220.28904724121094,31.909704208374023,36.30173873901367
330,100,351.0,176.0,7.0,12.0
330,0,602.7859497070312,228.60997009277344,48.00318145751953,89.23657989501953
330,1,133.0902862548828,170.63246154785156,66.71115112304688,62.62553405761719
330,2,358.3275451660156,219.6766357421875,32.0038948059082,36.09477615356445
331,100,354.0,167.0,7.0,12.0
331,0,602.4014892578125,228.27719116210938,47.625343322753906,89.30786895751953
331,1,133.89825439453125,169.03553771972656,66.52352142333984,62.256256103515625
331,2,358.60675048828125,219.07933044433594,31.971111297607422,35.67167282104492
332,100,359.0,155.0,7.0,13.0
332,0,602.2364501953125,227.91786193847656,47.421817779541016,89.23412322998047
332,1,134.7062225341797,167.43861389160156,66.33589172363281,61.88697814941406
332,2,358.871826171875,218.42405700683594,31.883731842041016,35.07370376586914
333,100,365.0,140.0,8.0,11.0
333,0,602.329345703125,227.60885620117188,47.275814056396484,88.9056625366211
333,1,135.51419067382812,165.84169006347656,66.14826202392578,61.5177001953125
333,2,359.1391906738281,217.7186737060547,31.874990463256836,34.6966438293457
334,100,372.0,126.0,7.0,11.0
334,0,602.52880859375,227.3714599609375,47.211517333984375,88.44032287597656
334,1,136.32215881347656,164.24476623535156,65.96063232421875,61.14842224121094
334,2,359.48431396484375,217.17596435546875,32.091163635253906,34.47837448120117
335,100,384.0,106.0,8.0,11.0
335,0,602.7056274414062,227.46180725097656,47.62335968017578,88.43326568603516
335,1,140.54405212402344,166.44390869140625,66.46685028076172,63.209938049316406
335,2,359.9801330566406,216.5491485595703,32.187774658203125,34.395416259765625
336,100,402.0,87.0,7.0,7.0
336,0,603.0043334960938,227.5650177001953,48.01753616333008,88.51475524902344
336,1,141.9140625,165.7205047607422,66.09786224365234,62.59944152832031
336,2,360.59625244140625,215.93797302246094,32.365074157714844,34.41707992553711
337,100,411.0,70.0,16.0,16.0
337,0,603.4299926757812,227.70310974121094,48.45574188232422,88.59584045410156
337,1,143.65225219726562,165.11624145507812,65.50342559814453,61.99069595336914
337,2,361.34637451171875,215.3902587890625,32.49509811401367,34.55021286010742
338,100,442.0,62.0,9.0,8.0
338,0,604.0924682617188,227.30563354492188,48.91124725341797,89.1869125366211
338,1,145.26812744140625,164.5003204345703,64.83658599853516,61.42476272583008
338,2,362.346923828125,215.0211944580078,32.62382507324219,34.46486282348633
339,100,457.0,56.0,10.0,7.0
339,0,604.859619140625,227.3560333251953,49.45161056518555,89.9805908203125
339,1,146.9842987060547,164.1077117919922,64.4612045288086,61.413482666015625
339,2,363.3348083496094,214.67930603027344,32.498512268066406,34.30445861816406
340,100,471.0,54.0,12.0,8.0
340,0,605.779052734375,228.2873992919922,49.30534362792969,89.57678985595703
340,1,148.79153442382812,163.70864868164062,64.13377380371094,61.27420425415039
340,2,364.50811767578125,214.39773559570312,32.21208190917969,34.20333480834961
341,100,484.0,59.0,12.0,8.0
341,0,607.1648559570312,229.1520538330078,48.72391891479492,89.07810974121094
341,1,150.706787109375,163.2601776123047,63.922523498535156,61.11438751220703
341,2,365.7470397949219,214.2503204345703,31.88636589050293,34.326446533203125
342,100,493.0,67.0,13.0,10.0
342,0,608.2249755859375,229.95458984375,48.44981384277344,88.85246276855469
342,1,152.6236572265625,163.04176330566406,63.928184509277344,61.25836944580078
342,2,366.6552429199219,213.87330627441406,31.778430938720703,34.286075592041016
343,100,500.0,75.0,13.0,10.0
343,0,609.5025024414062,230.49069213867188,48.16034698486328,88.89375305175781
343,1,154.457763671875,162.80703735351562,63.61827087402344,61.55097579956055
343,2,367.8410949707031,214.46148681640625,31.85491371154785,34.36084747314453
344,100,504.0,82.0,13.0,10.0
344,0,610.1051635742188,230.98365783691406,48.1209602355957,88.89476013183594
344,1,156.04991149902344,162.5030059814453,63.138694763183594,61.77745056152344
344,2,368.83734130859375,214.70375061035156,31.912586212158203,34.53867721557617
345,100,504.0,82.0,13.0,10.0
345,0,610.4068603515625,231.271728515625,48.1248893737793,88.90570068359375
345,1,156.9414520263672,162.3402557373047,62.846065521240234,61.94865036010742
345,2,369.4026184082031,214.8722381591797,31.9399356842041,34.66994857788086
346,100,508.0,86.0,12.0,10.0
346,0,611.057373046875,231.4768829345703,48.17542266845703,88.85075378417969
346,1,157.8790740966797,162.2005157470703,62.86212158203125,62.16129684448242
346,2,369.87994384765625,214.92434692382812,31.82167625427246,34.770591735839844
347,100,509.0,87.0,12.0,10.0
347,0,611.2393188476562,231.80055236816406,48.26835250854492,88.97560119628906
347,1,158.9010009765625,161.84075927734375,63.206417083740234,62.22473907470703
347,2,370.1029968261719,214.96961975097656,31.787582397460938,34.871185302734375
348,100,510.0,86.0,12.0,10.0
348,0,611.5692749023438,232.2637481689453,48.54166793823242,88.83451080322266
348,1,159.5423583984375,161.61424255371094,63.380096435546875,61.98310852050781
348,2,370.1995544433594,215.11805725097656,31.883817672729492,34.93437194824219
349,100,511.0,86.0,12.0,10.0
349,0,611.6640625,232.9055938720703,48.74755859375,88.76836395263672
349,1,159.9320068359375,161.47998046875,63.46961975097656,61.76765823364258
349,2,370.3070068359375,215.42745971679688,31.886432647705078,34.963443756103516
350,100,508.0,85.0,12.0,9.0
350,0,611.6854248046875,233.65489196777344,49.00605773925781,89.13800811767578
350,1,160.21539306640625,161.59828186035156,63.43384552001953,61.457420349121094
350,2,370.7103576660156,215.5434112548828,31.88157844543457,35.02434539794922
351,100,504.0,85.0,12.0,9.0
351,0,611.6265258789062,234.9954376220703,49.3504524230957,89.35787200927734
351,1,160.38018798828125,161.82366943359375,63.4111213684082,61.351314544677734
351,2,370.0665588378906,216.31495666503906,32.03805923461914,34.775917053222656
352,100,501.0,86.0,12.0,10.0
352,0,611.3538208007812,236.26197814941406,49.51011657714844,89.03907775878906
352,1,160.539306640625,162.22259521484375,63.12269592285156,61.19654846191406
352,2,370.2262268066406,216.58346557617188,32.07074737548828,34.76483917236328
353,100,500.0,87.0,11.0,10.0
353,0,611.164794921875,237.68919372558594,49.278446197509766,89.68595886230469
353,1,160.62344360351562,162.7178955078125,62.944610595703125,61.05186462402344
353,2,369.72088623046875,218.03111267089844,32.33030319213867,34.38035583496094
354,100,499.0,88.0,12.0,10.0
354,0,611.124267578125,239.85015869140625,49.44233703613281,89.93437194824219
354,1,160.7579803466797,163.56344604492188,62.82634353637695,60.782958984375
354,2,369.2265625,219.21902465820312,32.39291763305664,34.57661437988281
355,100,499.0,90.0,11.0,10.0
355,0,610.7616577148438,241.8179931640625,49.21628952026367,89.35523986816406
355,1,160.90782165527344,164.44981384277344,62.92316818237305,60.59004592895508
355,2,368.8213195800781,220.5494842529297,32.72237014770508,35.39702606201172
356,100,498.0,93.0,11.0,10.0
356,0,610.3919067382812,243.95175170898438,48.856632232666016,89.14616394042969
356,1,161.0629119873047,165.49671936035156,63.07447814941406,60.63005828857422
356,2,368.0960998535156,222.071533203125,32.26896286010742,35.193878173828125
357,100,497.0,97.0,11.0,10.0
357,0,609.7081298828125,246.34524536132812,48.34666061401367,89.89400482177734
357,1,161.314697265625,166.1173858642578,63.07120895385742,60.512779235839844
357,2,367.37359619140625,223.70521545410156,32.00955581665039,35.25276565551758
358,100,496.0,101.0,11.0,11.0
358,0,609.0084228515625,249.25140380859375,47.894866943359375,89.66447448730469
358,1,161.5664825439453,166.73805236816406,63.06793975830078,60.39550018310547
358,2,366.71075439453125,225.1802520751953,31.865619659423828,35.71141815185547
359,100,496.0,109.0,10.0,13.0
359,0,608.317626953125,251.64730834960938,47.784149169921875,89.84454345703125
359,1,161.81826782226562,167.3587188720703,63.06467056274414,60.278221130371094
359,2,366.0309143066406,226.675537109375,31.778240203857422,36.076114654541016
360,100,496.0,120.0,11.0,13.0
360,0,607.3356323242188,253.53233337402344,48.255897521972656,89.89669036865234
360,1,160.63999938964844,168.8552703857422,62.92607498168945,61.30720901489258
360,2,365.2737731933594,228.09832763671875,31.6956787109375,36.09564971923828
361,100,496.0,131.0,10.0,13.0
361,0,606.5800170898438,254.7888641357422,49.11381912231445,90.08562469482422
361,1,160.39285278320312,169.65335083007812,62.90867614746094,61.93567657470703
361,2,364.609375,229.13124084472656,31.927175521850586,35.82059097290039
362,100,495.0,144.0,8.0,12.0
362,0,605.9388427734375,255.77117919921875,49.89754867553711,90.53597259521484
362,1,160.26429748535156,170.3316192626953,62.93071746826172,62.37324142456055
362,2,363.5030517578125,229.95147705078125,32.45117950439453,35.326812744140625
363,100,494.0,160.0,8.0,13.0
363,0,604.9478149414062,256.9759216308594,50.53798294067383,91.40599060058594
363,1,160.18820190429688,171.01478576660156,63.128578186035156,62.77267074584961
363,2,362.5649108886719,230.68515014648438,32.666229248046875,35.059425354003906
364,100,494.0,160.0,8.0,13.0
364,0,604.327392578125,257.5943298339844,50.95622634887695,92.006103515625
364,1,160.1460418701172,171.39366149902344,63.26392364501953,62.99417495727539
364,2,361.9949951171875,231.04530334472656,32.79216766357422,34.874332427978516
365,100,495.0,170.0,8.0,14.0
365,0,604.0720825195312,258.5719909667969,50.93514633178711,91.3876953125
365,1,160.05731201171875,171.89268493652344,63.345603942871094,62.83491134643555
365,2,361.5751037597656,231.4940643310547,32.78767395019531,34.740135192871094
366,100,502.0,186.0,8.0,14.0
366,0,603.8181762695312,260.49444580078125,51.0633544921875,90.58287048339844
366,1,159.97132873535156,172.78688049316406,63.33090591430664,62.39215087890625
366,2,360.9234619140625,232.2577362060547,32.89393997192383,34.59921646118164
367,100,506.0,193.0,7.0,15.0
367,0,603.440185546875,262.6398010253906,51.200199127197266,90.7917251586914
367,1,159.96409606933594,173.62460327148438,63.35321044921875,61.738826751708984
367,2,360.2718200683594,233.0214080810547,33.000205993652344,34.45829772949219
368,100,511.0,196.0,8.0,13.0
368,0,603.381103515625,264.1671447753906,51.01395797729492,90.345458984375
368,1,159.9612579345703,174.5598602294922,63.205810546875,60.75892639160156
368,2,360.5828857421875,235.21994018554688,32.23835372924805,34.728458404541016
369,100,516.0,199.0,8.0,14.0
369,0,603.4015502929688,265.7947692871094,50.81074142456055,90.76703643798828
369,1,159.94717407226562,175.3873291015625,63.13584518432617,60.17626190185547
369,2,360.3070373535156,236.8543243408203,32.14611053466797,34.5958137512207
370,100,520.0,200.0,8.0,14.0
370,0,603.2742919921875,267.5962829589844,50.64219284057617,90.43937683105469
370,1,159.8997039794922,176.12808227539062,63.130916595458984,59.69994354248047
370,2,359.75860595703125,238.29014587402344,32.3410530090332,34.50673294067383
371,100,526.0,200.0,8.0,13.0
371,0,603.0823364257812,269.7579040527344,50.428428649902344,90.32340240478516
371,1,159.8434295654297,176.8598175048828,63.20109558105469,59.34186935424805
371,2,359.2803039550781,239.57574462890625,32.471370697021484,34.58162307739258
372,100,531.0,197.0,9.0,15.0
372,0,602.9614868164062,271.87451171875,50.857444763183594,90.69491577148438
372,1,159.7996826171875,177.62594604492188,63.204654693603516,58.92500305175781
372,2,358.7333984375,240.93338012695312,32.84160614013672,34.84157180786133
373,100,536.0,193.0,10.0,16.0
373,0,602.9126586914062,273.5515441894531,51.145450592041016,90.86326599121094
373,1,159.7559356689453,178.39207458496094,63.208213806152344,58.50813674926758
373,2,358.31817626953125,242.17933654785156,33.10987091064453,35.53154373168945
374,100,541.0,185.0,10.0,15.0
374,0,602.7445068359375,275.016845703125,51.24406051635742,90.83631134033203
374,1,159.71218872070312,179.158203125,63.21177291870117,58.091270446777344
374,2,357.91351318359375,243.28427124023438,33.22541809082031,36.19993591308594
375,100,546.0,175.0,11.0,14.0
375,0,602.6480102539062,276.4471130371094,51.466346740722656,91.65748596191406
375,1,159.66844177246094,179.92433166503906,63.21533203125,57.67440414428711
375,2,357.58154296875,244.1653289794922,33.24798583984375,36.513389587402344
376,100,551.0,158.0,14.0,17.0
376,0,602.6853637695312,277.7423400878906,51.74116134643555,92.688720703125
376,1,159.62469482421875,180.69046020507812,63.21889114379883,57.257537841796875
376,2,357.20068359375,245.01651000976562,33.0623893737793,36.465518951416016
377,100,558.0,138.0,16.0,17.0
377,0,602.9552001953125,278.8264465332031,51.817779541015625,93.3912124633789
377,1,159.58094787597656,181.4565887451172,63.222450256347656,56.84067153930664
377,2,356.7044982910156,245.93214416503906,33.04258346557617,36.433624267578125
378,100,564.0,116.0,16.0,16.0
378,0,603.1398315429688,280.1640319824219,51.93631362915039,93.65242767333984
378,1,159.53720092773438,182.22271728515625,63.226009368896484,56.423805236816406
378,2,356.20867919921875,246.8751678466797,32.605777740478516,36.77616882324219
379,100,568.0,95.0,16.0,14.0
379,0,603.220703125,281.85791015625,51.5963020324707,94.4828872680664
379,1,159.4934539794922,182.9888458251953,63.22956848144531,56.00693893432617
379,2,355.74853515625,247.9830780029297,32.38645935058594,36.90085220336914
380,100,574.0,75.0,16.0,13.0
380,0,603.3511962890625,283.5369567871094,51.33185577392578,94.8846206665039
380,1,159.44970703125,183.75497436523438,63.23312759399414,55.59007263183594
380,2,355.3331298828125,249.1674041748047,32.22553253173828,36.565040588378906
381,100,579.0,63.0,18.0,12.0
381,0,603.3549194335938,285.0914306640625,51.24969482421875,95.22134399414062
381,1,159.4059600830078,184.52110290527344,63.23668670654297,55.1732063293457
381,2,354.8455810546875,250.2227783203125,32.13064956665039,36.2135009765625
382,100,585.0,61.0,18.0,12.0
382,0,603.3734130859375,286.6972351074219,51.32448959350586,94.87625122070312
382,1,159.36221313476562,185.2872314453125,63.2402458190918,54.75634002685547
382,2,354.32720947265625,251.47715759277344,32.24446105957031,36.1104736328125
383,100,585.0,61.0,18.0,12.0
383,0,603.3674926757812,287.6377868652344,51.3930778503418,94.57117462158203
383,1,159.31846618652344,186.05335998535156,63.243804931640625,54.339473724365234
383,2,354.0176696777344,252.22975158691406,32.34736633300781,36.05694580078125
384,100,591.0,62.0,18.0,13.0
384,0,603.3903198242188,288.2808837890625,52.110374450683594,93.96622467041016
384,1,159.27471923828125,186.81948852539062,63.24736404418945,53.922607421875
384,2,353.42498779296875,252.6573486328125,32.842952728271484,35.931053161621094
385,100,600.0,79.0,19.0,14.0
385,0,602.95068359375,289.5085754394531,52.2020149230957,94.69107818603516
385,1,159.23097229003906,187.5856170654297,63.25092315673828,53.505741119384766
385,2,352.584228515625,253.6812286376953,33.248817443847656,35.7348518371582
386,100,602.0,92.0,18.0,13.0
386,0,602.5418090820312,290.8186340332031,52.322471618652344,95.32810974121094
386,1,159.18722534179688,188.35174560546875,63.25448226928711,53.08887481689453
386,2,351.8670959472656,254.60882568359375,33.425819396972656,35.6431770324707
387,100,604.0,107.0,19.0,15.0
387,0,602.3198852539062,292.0189208984375,52.55220413208008,95.74421691894531
387,1,159.1434783935547,189.1178741455078,63.25804138183594,52.6720085144043
387,2,351.39202880859375,255.43482971191406,33.57358169555664,35.70981216430664
388,100,605.0,124.0,20.0,18.0
388,0,602.1768798828125,292.9116516113281,52.63689041137695,95.8319091796875
388,1,159.0997314453125,189.88400268554688,63.261600494384766,52.25514221191406
388,2,351.09228515625,256.1527099609375,33.52240753173828,35.65894317626953
389,100,606.0,139.0,18.0,19.0
389,0,602.136962890625,293.6294860839844,52.55116271972656,95.92398834228516
389,1,159.0559844970703,190.65013122558594,63.265159606933594,51.83827590942383
389,2,350.9949035644531,256.58465576171875,33.343231201171875,35.94618606567383
390,100,607.0,154.0,17.0,18.0
390,0,602.4194946289062,294.16558837890625,52.85917282104492,95.45976257324219
390,1,159.01223754882812,191.416259765625,63.26871871948242,51.421409606933594
390,2,350.8335876464844,257.23175048828125,33.427799224853516,35.9036750793457
391,100,607.0,170.0,17.0,17.0
391,0,602.6576538085938,294.4969787597656,52.917476654052734,95.26673126220703
391,1,158.96849060058594,192.18238830566406,63.27227783203125,51.00454330444336
391,2,350.6221618652344,257.83416748046875,33.56789779663086,35.85490036010742
392,100,607.0,184.0,16.0,16.0
392,0,602.7814331054688,294.9143981933594,53.063819885253906,95.09481048583984
392,1,158.92474365234375,192.94851684570312,63.27583694458008,50.587677001953125
392,2,350.3612365722656,258.4879150390625,33.96261215209961,36.1085205078125
393,100,607.0,197.0,14.0,15.0
393,0,602.6867065429688,295.3513488769531,52.93072509765625,95.6652603149414
393,1,149.36683654785156,192.11456298828125,66.08226013183594,62.928401947021484
393,2,350.131591796875,259.0325622558594,34.23866271972656,36.17790222167969
394,100,606.0,212.0,14.0,16.0
394,0,602.712890625,295.995361328125,52.589111328125,95.98780822753906
394,1,148.76426696777344,192.78671264648438,66.25045013427734,63.26087188720703
394,2,349.7741394042969,259.5147705078125,34.52277755737305,36.29813003540039
395,100,603.0,228.0,12.0,17.0
395,0,602.7405395507812,296.56353759765625,52.40853500366211,96.3976058959961
395,1,148.1616973876953,193.4588623046875,66.41864013671875,63.59334182739258
395,2,349.4153137207031,260.106201171875,34.560394287109375,36.3196907043457
396,100,601.0,241.0,12.0,15.0
396,0,602.8773193359375,297.2688293457031,52.04674530029297,96.2054672241211
396,1,147.5591278076172,194.13101196289062,66.58683013916016,63.925811767578125
396,2,349.01092529296875,260.7886657714844,34.55891036987305,36.49966049194336
397,100,598.0,244.0,7.0,6.0
397,0,602.8939819335938,297.4469299316406,51.70355224609375,97.0433120727539
397,1,146.95655822753906,194.80316162109375,66.75502014160156,64.25828552246094
397,2,348.6070861816406,261.6044616699219,34.6602783203125,36.689029693603516
398,100,598.0,244.0,6.0,6.0
398,0,603.0670166015625,297.3502197265625,51.81599044799805,98.33120727539062
398,1,146.35398864746094,195.47531127929688,66.92321014404297,64.59075927734375
398,2,348.26177978515625,262.4478454589844,34.748294830322266,36.769412994384766
399,100,526.0,109.0,10.0,8.0
399,0,603.059326171875,297.1445007324219,51.7905158996582,99.4800796508789
399,1,145.7514190673828,196.1474609375,67.09140014648438,64.92323303222656
399,2,347.99713134765625,263.3077697753906,34.90690994262695,37.06942367553711
400,100,525.0,110.0,12.0,10.0
400,0,603.11181640625,296.9427185058594,51.7772102355957,100.75225067138672
400,1,145.1488494873047,196.81961059570312,67.25959014892578,65.25570678710938
400,2,347.89300537109375,264.14788818359375,34.86014938354492,37.45594787597656
401,100,524.0,112.0,8.0,9.0
401,0,603.2688598632812,297.0971374511719,51.582672119140625,101.42010498046875
401,1,144.54627990722656,197.49176025390625,67.42778015136719,65.58818054199219
401,2,347.9241027832031,264.8869934082031,34.918392181396484,37.84081268310547
402,100,525.0,111.0,9.0,9.0
402,0,603.3670043945312,297.1938171386719,51.440853118896484,101.7896499633789
402,1,143.94371032714844,198.16390991210938,67.5959701538086,65.920654296875
402,2,347.98236083984375,265.3119812011719,34.950172424316406,38.08964920043945
403,100,525.0,112.0,10.0,11.0
403,0,603.5447998046875,297.6363220214844,51.411468505859375,101.4376449584961
403,1,143.3411407470703,198.8360595703125,67.76416015625,66.25312805175781
403,2,348.0859680175781,265.7155456542969,34.91730499267578,38.1634521484375
404,100,529.0,108.0,8.0,5.0
404,0,604.0174560546875,298.5889892578125,51.99622344970703,101.52796936035156
404,1,142.7385711669922,199.50820922851562,67.9323501586914,66.58560180664062
404,2,348.4931335449219,266.5386962890625,34.84557342529297,38.364540100097656
405,100,516.0,124.0,5.0,6.0
405,0,604.7372436523438,299.4847106933594,52.328582763671875,101.16473388671875
405,1,142.13600158691406,200.18035888671875,68.10054016113281,66.91807556152344
405,2,348.94769287109375,267.1850891113281,34.68555450439453,38.3118896484375
406,100,517.0,123.0,7.0,6.0
406,0,605.5955200195312,299.9137878417969,52.84834289550781,100.91001892089844
406,1,141.53343200683594,200.85250854492188,68.26873016357422,67.25054931640625
406,2,349.4707336425781,267.6087951660156,34.788055419921875,38.126808166503906
407,100,516.0,125.0,8.0,12.0
407,0,606.4007568359375,299.9089660644531,53.36957550048828,100.69940948486328
407,1,144.1074981689453,203.6410675048828,67.2703857421875,64.29444122314453
407,2,350.03680419921875,268.0249938964844,34.75251007080078,37.86745834350586
408,100,516.0,126.0,7.0,12.0
408,0,607.2457885742188,299.71197509765625,53.698509216308594,100.34129333496094
408,1,143.76553344726562,204.48684692382812,67.3428726196289,64.35712432861328
408,2,350.4219665527344,268.306396484375,34.62114715576172,37.58192825317383
409,100,522.0,119.0,11.0,17.0
409,0,607.8733520507812,299.3498840332031,54.201202392578125,99.97785186767578
409,1,143.42356872558594,205.33262634277344,67.41535949707031,64.41980743408203
409,2,350.80859375,268.4147644042969,34.2838249206543,37.361175537109375
410,100,522.0,111.0,5.0,4.0
410,0,608.5360717773438,298.7233581542969,54.20757293701172,99.77265167236328
410,1,143.08160400390625,206.17840576171875,67.48784637451172,64.48249053955078
410,2,351.0048828125,268.804931640625,34.221744537353516,37.32732391357422
411,100,524.0,109.0,9.0,6.0
411,0,609.1176147460938,297.9373779296875,53.67901611328125,98.98807525634766
411,1,142.73963928222656,207.02418518066406,67.56033325195312,64.54517364501953
411,2,351.086181640625,269.2060546875,34.24072265625,37.46551513671875
412,100,525.0,105.0,7.0,8.0
412,0,609.7390747070312,297.6639404296875,53.74894714355469,98.65927124023438
412,1,142.02134704589844,208.167724609375,67.9566421508789,62.56819534301758
412,2,351.1596984863281,269.7085876464844,34.503265380859375,37.56195068359375
413,100,525.0,102.0,8.0,6.0
413,0,610.3605346679688,297.3905029296875,53.818878173828125,98.3304672241211
413,1,141.61956787109375,209.06082153320312,68.08060455322266,62.30668640136719
413,2,351.17498779296875,270.2055358886719,34.45991516113281,37.59560775756836
414,100,525.0,97.0,8.0,8.0
414,0,610.6528930664062,298.30950927734375,51.833805084228516,96.90338897705078
414,1,141.08741760253906,210.50462341308594,67.422119140625,62.97509002685547
414,2,351.3714599609375,270.7982482910156,34.27170181274414,37.34796905517578
415,100,534.0,86.0,8.0,5.0
415,0,611.3275756835938,298.79052734375,51.3133659362793,96.03450012207031
415,1,140.88047790527344,211.58529663085938,67.24464416503906,63.199893951416016
415,2,351.6410217285156,271.500732421875,34.10511016845703,36.838077545166016
416,100,623.0,203.0,16.0,15.0
416,0,612.0177001953125,299.1275329589844,51.179176330566406,95.6233139038086
416,1,140.71298217773438,212.53248596191406,67.29327392578125,63.4371452331543
416,2,351.8729248046875,272.1806640625,34.01555633544922,36.425987243652344
417,100,626.0,187.0,17.0,16.0
417,0,612.9332275390625,299.293212890625,51.405242919921875,95.37205505371094
417,1,140.40670776367188,213.52879333496094,67.2680435180664,63.55899429321289
417,2,352.15838623046875,273.0431213378906,34.14384460449219,36.30767822265625
418,100,627.0,171.0,18.0,15.0
418,0,613.92724609375,299.3965759277344,51.32521438598633,95.23876953125
418,1,140.04405212402344,214.67144775390625,67.45620727539062,63.99946212768555
418,2,352.48333740234375,273.9054870605469,34.378875732421875,36.462059020996094
419,100,627.0,157.0,18.0,13.0
419,0,614.7986450195312,299.59423828125,51.504085540771484,95.23739624023438
419,1,139.71119689941406,215.70762634277344,67.48162841796875,64.16131591796875
419,2,352.75750732421875,274.6776123046875,34.59644317626953,36.494598388671875
420,100,622.0,143.0,18.0,13.0
420,0,615.5986328125,299.9186706542969,51.74528121948242,95.38687133789062
420,1,139.3783416748047,216.74380493164062,67.50704956054688,64.32316589355469
420,2,353.0873107910156,275.3299255371094,34.80494689941406,36.592926025390625
421,100,622.0,143.0,18.0,13.0
421,0,616.0635986328125,300.13128662109375,51.93320846557617,95.5341796875
421,1,139.0454864501953,217.7799835205078,67.532470703125,64.48501586914062
421,2,353.2943115234375,275.69873046875,34.9414176940918,36.669921875
422,100,608.0,118.0,19.0,13.0
422,0,616.7708129882812,300.5743103027344,52.01641845703125,95.7084732055664
422,1,138.71263122558594,218.816162109375,67.55789184570312,64.64686584472656
422,2,353.6824951171875,276.7126159667969,34.90263366699219,37.05158615112305
423,100,600.0,106.0,19.0,11.0
423,0,617.5390625,300.9815368652344,52.0672721862793,95.61228942871094
423,1,138.37977600097656,219.8523406982422,67.58331298828125,64.8087158203125
423,2,354.1813659667969,277.7416687011719,34.44775390625,37.45629119873047
424,100,596.0,98.0,19.0,10.0
424,0,618.3896484375,301.3574523925781,52.29667282104492,95.73734283447266
424,1,138.0469207763672,220.88851928710938,67.60873413085938,64.97056579589844
424,2,354.6402282714844,279.01422119140625,34.08296203613281,38.040672302246094
425,100,594.0,100.0,20.0,10.0
425,0,619.3422241210938,301.8411865234375,52.7320556640625,95.62410736083984
425,1,137.7140655517578,221.92469787597656,67.6341552734375,65.13241577148438
425,2,355.03076171875,280.3395690917969,33.96938705444336,38.54766845703125
426,100,589.0,103.0,17.0,11.0
426,0,620.2153930664062,302.1744384765625,52.5837516784668,95.4236068725586
426,1,137.38121032714844,222.96087646484375,67.65957641601562,65.29426574707031
426,2,355.4322509765625,281.7364807128906,33.85015106201172,38.817718505859375
427,100,588.0,103.0,17.0,11.0
427,0,620.9443969726562,302.43975830078125,52.40043258666992,95.36066436767578
427,1,137.04835510253906,223.99705505371094,67.68499755859375,65.45611572265625
427,2,355.8471984863281,282.783203125,33.79823684692383,38.58021926879883
428,100,589.0,101.0,18.0,11.0
428,0,621.7052612304688,302.77252197265625,52.731773376464844,95.12969207763672
428,1,136.7154998779297,225.03323364257812,67.71041870117188,65.61796569824219
428,2,356.23455810546875,283.67333984375,33.96413040161133,38.423797607421875
429,100,591.0,99.0,17.0,10.0
429,0,622.4739379882812,302.85504150390625,52.4775390625,95.00013732910156
429,1,136.3826446533203,226.0694122314453,67.73583984375,65.77981567382812
429,2,356.5578918457031,284.3855895996094,34.078086853027344,38.1871223449707
430,100,592.0,96.0,17.0,10.0
430,0,623.289306640625,302.73297119140625,52.25231170654297,94.84364318847656
430,1,136.04978942871094,227.1055908203125,67.76126098632812,65.94166564941406
430,2,357.08209228515625,284.9353332519531,34.385337829589844,38.12511444091797
431,100,593.0,94.0,17.0,10.0
431,0,623.9277954101562,302.41229248046875,52.17947769165039,94.93306732177734
431,1,135.71693420410156,228.1417694091797,67.78668212890625,66.103515625
431,2,357.5497741699219,285.3111267089844,34.47666549682617,38.05439376831055
432,100,592.0,93.0,16.0,10.0
432,0,624.445068359375,302.0050048828125,52.0129280090332,95.37068939208984
432,1,135.3840789794922,229.17794799804688,67.81210327148438,66.26536560058594
432,2,357.9693603515625,285.6160583496094,34.526432037353516,38.0359001159668
433,100,591.0,95.0,17.0,10.0
433,0,624.79541015625,301.7015075683594,51.833614349365234,95.77301788330078
433,1,135.0512237548828,230.21412658691406,67.8375244140625,66.42721557617188
433,2,358.2186584472656,285.8126525878906,34.563297271728516,38.117958068847656
434,100,590.0,99.0,19.0,10.0
434,0,625.1729125976562,301.3779602050781,51.6439094543457,96.06246185302734
434,1,134.71836853027344,231.25030517578125,67.86294555664062,66.58906555175781
434,2,358.4307556152344,286.00958251953125,34.58588409423828,38.27951431274414
435,100,590.0,106.0,17.0,10.0
435,0,625.5076293945312,301.0110168457031,51.50151062011719,96.15447235107422
435,1,134.38551330566406,232.28648376464844,67.88836669921875,66.75091552734375
435,2,358.62200927734375,286.1822509765625,34.643001556396484,38.452388763427734
436,100,591.0,117.0,17.0,14.0
436,0,625.7789306640625,300.525390625,51.394596099853516,96.27628326416016
436,1,134.0526580810547,233.32266235351562,67.91378784179688,66.91276550292969
436,2,358.69482421875,286.4964904785156,34.6526985168457,38.68059158325195
437,100,591.0,128.0,17.0,14.0
437,0,625.986083984375,300.0291748046875,51.4063606262207,96.36305236816406
437,1,133.7198028564453,234.3588409423828,67.939208984375,67.07461547851562
437,2,358.6676940917969,286.87811279296875,34.6575927734375,38.73360061645508
438,100,595.0,131.0,17.0,13.0
438,0,626.2188110351562,299.4273376464844,51.57305145263672,96.14614868164062
438,1,133.38694763183594,235.39501953125,67.96463012695312,67.23646545410156
438,2,358.65130615234375,287.17535400390625,34.75872802734375,38.73066329956055
439,100,595.0,131.0,17.0,13.0
439,0,626.3277587890625,299.04815673828125,51.69792938232422,95.97457885742188
439,1,133.05409240722656,236.4311981201172,67.99005126953125,67.3983154296875
439,2,358.6120910644531,287.3374328613281,34.817649841308594,38.720664978027344
440,100,598.0,127.0,17.0,12.0
440,0,626.6106567382812,298.61834716796875,51.84794616699219,95.95489501953125
440,1,132.7212371826172,237.46737670898438,68.01547241210938,67.56016540527344
440,2,358.5474853515625,287.5466613769531,34.92291259765625,38.72072982788086
441,100,610.0,109.0,19.0,10.0
441,0,627.0145874023438,298.02130126953125,52.19023895263672,96.01363372802734
441,1,132.3883819580078,238.50355529785156,68.0408935546875,67.72201538085938
441,2,358.6709899902344,287.81243896484375,35.04179763793945,38.665061950683594
442,100,615.0,96.0,21.0,8.0
442,0,627.3802490234375,297.39288330078125,52.373722076416016,95.98206329345703
442,1,132.05552673339844,239.53973388671875,68.06631469726562,67.88386535644531
442,2,358.8774719238281,287.9578552246094,35.097591400146484,38.61619567871094
443,100,622.0,84.0,20.0,8.0
443,0,627.6519165039062,296.86761474609375,52.34099197387695,96.02107238769531
443,1,131.72267150878906,240.57591247558594,68.09173583984375,68.04571533203125
443,2,359.2145080566406,288.2586975097656,35.15591812133789,38.763648986816406
444,100,628.0,73.0,20.0,8.0
444,0,628.2144165039062,296.3860168457031,52.05100631713867,96.31800842285156
444,1,131.3898162841797,241.61209106445312,68.11715698242188,68.20756530761719
444,2,359.3756408691406,288.5152282714844,35.225502014160156,38.800132751464844
445,100,635.0,65.0,21.0,9.0
445,0,628.8388061523438,295.9233703613281,51.50522232055664,96.39566040039062
445,1,125.60154724121094,242.6328582763672,70.1641845703125,65.83671569824219
445,2,360.4191589355469,288.7018737792969,34.349884033203125,38.69599151611328
446,100,642.0,62.0,22.0,9.0
446,0,629.6112670898438,295.564453125,50.950626373291016,96.24560546875
446,1,125.0098876953125,243.38052368164062,70.28369903564453,66.21832275390625
446,2,361.18438720703125,288.69647216796875,34.11082458496094,38.46599578857422
447,100,652.0,61.0,22.0,9.0
447,0,630.13427734375,295.10723876953125,50.70608901977539,96.2672119140625
447,1,124.7099838256836,243.97006225585938,70.36290740966797,66.32415771484375
447,2,361.7672119140625,289.04229736328125,34.18632888793945,38.48255920410156
448,100,658.0,65.0,23.0,8.0
448,0,631.3831176757812,294.638427734375,50.728275299072266,96.3127212524414
448,1,124.62841796875,244.39585876464844,70.2120132446289,66.40861511230469
448,2,362.40447998046875,289.1541748046875,34.46112060546875,38.520381927490234
449,100,662.0,73.0,25.0,9.0
449,0,632.4996337890625,293.663330078125,50.42179870605469,96.1393051147461
449,1,124.71694946289062,244.6140899658203,70.0576171875,66.47486877441406
449,2,363.1061706542969,288.9570617675781,34.686885833740234,38.4351692199707
450,100,667.0,83.0,23.0,9.0
450,0,633.54736328125,292.6681213378906,50.26847839355469,96.06671142578125
450,1,124.81010437011719,244.7407989501953,69.9774398803711,66.4200210571289
450,2,363.8808898925781,288.6412048339844,34.889766693115234,38.81429672241211
451,100,668.0,94.0,22.0,8.0
451,0,634.5086669921875,291.4736022949219,50.540340423583984,96.31145477294922
451,1,125.05448150634766,244.740966796875,69.89353942871094,66.32453155517578
451,2,364.5018005371094,288.63385009765625,34.97369384765625,38.88481903076172
452,100,670.0,107.0,21.0,9.0
452,0,635.4618530273438,290.3022766113281,51.02122497558594,96.59117889404297
452,1,125.29696655273438,244.78274536132812,69.81465911865234,66.26191711425781
452,2,365.4986572265625,287.6495056152344,35.23891830444336,38.91082000732422
453,100,670.0,121.0,22.0,10.0
453,0,636.3431396484375,289.1479797363281,51.37148666381836,96.33576965332031
453,1,125.533203125,244.7945556640625,69.74969482421875,66.22193145751953
453,2,366.3503723144531,286.9407958984375,35.53600311279297,38.955101013183594
454,100,669.0,136.0,21.0,11.0
454,0,637.01025390625,288.05474853515625,51.208499908447266,95.63478088378906
454,1,125.74720001220703,244.8654022216797,69.64360809326172,66.18525695800781
454,2,367.2077331542969,286.3441162109375,35.54058074951172,39.149906158447266
455,100,667.0,150.0,21.0,12.0
455,0,637.5051879882812,287.04412841796875,51.092132568359375,95.12260437011719
455,1,125.85748291015625,244.9877166748047,69.65081787109375,66.17247772216797
455,2,367.9786071777344,285.88775634765625,35.559654235839844,39.10935592651367
456,100,663.0,165.0,18.0,12.0
456,0,637.6380004882812,286.05755615234375,50.91987609863281,94.29669952392578
456,1,125.91187286376953,245.08285522460938,69.82302856445312,66.04959869384766
456,2,368.58697509765625,285.5168151855469,35.40855407714844,39.03293228149414
457,100,660.0,177.0,18.0,13.0
457,0,637.5684204101562,284.80230712890625,50.81766128540039,93.36773681640625
457,1,125.7490005493164,245.2251434326172,70.14815521240234,66.05805969238281
457,2,368.9259948730469,285.3158264160156,35.19598388671875,38.9991455078125
458,100,660.0,178.0,18.0,13.0
458,0,637.441650390625,284.0444641113281,50.75065612792969,92.77629852294922
458,1,125.6252670288086,245.30877685546875,70.37559509277344,66.0652084350586
458,2,369.06280517578125,285.2303771972656,35.06116485595703,38.96449661254883
459,100,657.0,190.0,17.0,13.0
459,0,637.1992797851562,283.4298095703125,50.869964599609375,92.02534484863281
459,1,125.32011413574219,245.42945861816406,70.59522247314453,66.12247467041016
459,2,369.07012939453125,285.1524963378906,34.99333190917969,38.97236633300781
460,100,654.0,212.0,18.0,15.0
460,0,636.82666015625,282.6595153808594,51.22797393798828,92.30651092529297
460,1,124.26025390625,245.7006378173828,71.57777404785156,66.5958480834961
460,2,369.4494323730469,284.9192199707031,34.936424255371094,38.973052978515625
461,100,649.0,223.0,15.0,15.0
461,0,636.3193969726562,281.3876953125,51.33539581298828,92.81928253173828
461,1,123.27500915527344,245.9100341796875,72.40469360351562,66.99689483642578
461,2,368.3906555175781,284.5166931152344,35.304508209228516,38.7349739074707
462,100,637.0,230.0,7.0,5.0
462,0,636.0421142578125,280.1708679199219,51.69929122924805,92.33854675292969
462,1,122.3518295288086,246.11090087890625,72.76201629638672,67.24568176269531
462,2,367.82354736328125,284.1495666503906,35.627220153808594,38.69029998779297
463,100,635.0,229.0,6.0,4.0
463,0,636.2437133789062,279.1336669921875,51.84322738647461,93.23552703857422
463,1,121.57877349853516,246.22146606445312,72.90833282470703,67.40908813476562
463,2,367.3211975097656,283.7530212402344,35.41111373901367,38.61151885986328
464,100,535.0,134.0,6.0,10.0
464,0,636.4205932617188,277.8735046386719,51.494449615478516,93.9462890625
464,1,121.13778686523438,246.29981994628906,72.97134399414062,67.5246353149414
464,2,367.1796569824219,283.510986328125,35.29047775268555,38.567630767822266
465,100,519.0,129.0,16.0,16.0
465,0,636.3309936523438,276.61590576171875,50.966209411621094,94.6224136352539
465,1,121.00845336914062,246.3989715576172,73.06349182128906,67.66402435302734
465,2,367.37353515625,283.29638671875,35.24872970581055,38.415245056152344
466,100,489.0,99.0,16.0,16.0
466,0,636.8898315429688,275.91632080078125,50.70030975341797,94.73172760009766
466,1,121.08008575439453,246.52267456054688,73.13780975341797,67.77861022949219
466,2,367.79608154296875,283.1909484863281,35.23038864135742,38.38056945800781
467,100,539.0,104.0,12.0,11.0
467,0,637.3422241210938,275.2179870605469,50.455810546875,94.75289154052734
467,1,121.2004623413086,246.72862243652344,73.15831756591797,67.99104309082031
467,2,367.837890625,282.9560852050781,35.21404266357422,38.312442779541016
468,100,532.0,122.0,11.0,15.0
468,0,638.0106201171875,274.5815734863281,50.37704086303711,95.24339294433594
468,1,121.40828704833984,246.9795379638672,73.1258773803711,68.18255615234375
468,2,367.87969970703125,282.7212219238281,35.197696685791016,38.24431610107422
469,100,522.0,105.0,16.0,16.0
469,0,639.09814453125,274.1858215332031,50.67786407470703,95.3368911743164
469,1,121.60198974609375,247.2319793701172,73.12581634521484,68.33354949951172
469,2,367.9215087890625,282.4863586425781,35.18135070800781,38.17618942260742
470,100,514.0,98.0,16.0,16.0
470,0,640.3646850585938,273.7459716796875,50.98023223876953,95.68701171875
470,1,121.85734558105469,247.6033172607422,73.20487213134766,68.56111145019531
470,2,367.96331787109375,282.2514953613281,35.16500473022461,38.108062744140625
471,100,507.0,92.0,16.0,16.0
471,0,641.6342163085938,273.7091064453125,51.236167907714844,95.8023681640625
471,1,122.09031677246094,248.0474853515625,73.13871002197266,68.90264892578125
471,2,371.8938293457031,283.87530517578125,34.46376037597656,38.29484939575195
472,100,499.0,85.0,16.0,16.0
472,0,642.79443359375,273.8239440917969,51.78480911254883,96.54277038574219
472,1,122.43293762207031,248.6936798095703,73.17794799804688,69.10881042480469
472,2,373.02691650390625,284.25244140625,34.36882400512695,38.21487808227539
473,100,491.0,78.0,16.0,16.0
473,0,643.8435668945312,274.3970642089844,52.2869987487793,96.40576934814453
473,1,122.49787902832031,249.5242919921875,73.17695617675781,69.2463150024414
473,2,373.7983703613281,284.6238098144531,34.4374885559082,38.08591079711914
474,100,484.0,72.0,16.0,16.0
474,0,644.7904052734375,274.4085998535156,52.51390075683594,97.41744995117188
474,1,122.3434829711914,250.5955810546875,73.11624145507812,69.51154327392578
474,2,374.37811279296875,284.935302734375,34.26065444946289,37.78556442260742
475,100,653.0,220.0,14.0,10.0
475,0,645.7393188476562,274.97686767578125,52.23441696166992,96.65614318847656
475,1,122.08650970458984,251.91156005859375,72.72848510742188,69.37720489501953
475,2,374.66693115234375,285.3556213378906,34.235145568847656,37.929195404052734
476,100,660.0,214.0,15.0,17.0
476,0,646.1477661132812,276.4844970703125,51.71244430541992,95.90692138671875
476,1,122.06488037109375,252.72210693359375,72.63655090332031,69.5041275024414
476,2,374.8291015625,286.0142822265625,34.297645568847656,38.151092529296875
477,100,660.0,214.0,15.0,16.0
477,0,646.3037109375,277.5592956542969,51.311832427978516,95.34300231933594
477,1,122.04325103759766,253.53265380859375,72.54461669921875,69.63105010986328
477,2,374.85296630859375,286.44677734375,34.34966278076172,38.314823150634766
478,100,670.0,190.0,18.0,13.0
478,0,646.71533203125,278.82086181640625,51.233421325683594,94.90351104736328
478,1,119.94022369384766,255.8175811767578,72.35882568359375,68.6407470703125
478,2,374.753173828125,288.07672119140625,34.47888946533203,38.81682205200195
479,100,674.0,177.0,17.0,12.0
479,0,647.2799072265625,280.50732421875,51.43904495239258,94.03235626220703
479,1,118.74491882324219,257.8355712890625,72.41586303710938,69.4899673461914
479,2,375.0087890625,288.7799072265625,34.49577713012695,38.98805618286133
480,100,676.0,164.0,18.0,11.0
480,0,647.9721069335938,282.1257019042969,51.746246337890625,93.35050964355469
480,1,117.81480407714844,259.4911804199219,72.72648620605469,69.83917999267578
480,2,375.1509704589844,291.7156677246094,34.645442962646484,39.04793930053711
481,100,677.0,149.0,18.0,11.0
481,0,649.1256103515625,283.54937744140625,52.33955001831055,93.2315444946289
481,1,117.16834259033203,261.3855895996094,73.08199310302734,69.88116455078125
481,2,375.3354797363281,293.8716125488281,34.799503326416016,39.17138671875
482,100,680.0,131.0,17.0,9.0
482,0,650.3303833007812,284.8611145019531,52.6494255065918,93.19241333007812
482,1,116.76703643798828,263.4818115234375,73.42777252197266,69.87184143066406
482,2,375.8690490722656,295.7440490722656,35.24909210205078,39.497894287109375
483,100,680.0,115.0,14.0,4.0
483,0,652.0761108398438,286.14154052734375,52.58229446411133,93.69759368896484
483,1,116.71973419189453,265.41302490234375,73.65313720703125,69.5903091430664
483,2,376.82733154296875,297.21649169921875,35.633182525634766,39.81695556640625
484,100,679.0,97.0,18.0,7.0
484,0,654.5241088867188,287.4194641113281,53.26854705810547,94.53112030029297
484,1,116.7333984375,266.9601745605469,74.06515502929688,69.60640716552734
484,2,378.1625061035156,298.4065246582031,35.933387756347656,40.0466194152832
485,100,678.0,81.0,19.0,8.0
485,0,657.5972900390625,288.3076477050781,53.852806091308594,94.45531463623047
485,1,116.96678161621094,268.3885192871094,74.87812042236328,69.7407455444336
485,2,379.6417541503906,299.77447509765625,36.223812103271484,40.74806213378906
486,100,677.0,64.0,17.0,8.0
486,0,660.8341674804688,289.00006103515625,54.89211654663086,94.76533508300781
486,1,116.77024841308594,270.00518798828125,75.2603530883789,69.77690124511719
486,2,381.6181335449219,301.134765625,36.32402420043945,41.00031280517578
487,100,679.0,46.0,12.0,8.0
487,0,664.0904541015625,289.8658447265625,55.55802917480469,95.43364715576172
487,1,116.57371520996094,271.6218566894531,75.64258575439453,69.81305694580078
487,2,383.4764099121094,302.3544921875,36.42816162109375,41.22406768798828
488,100,679.0,29.0,11.0,8.0
488,0,668.0626220703125,290.975341796875,56.59896469116211,96.04246520996094
488,1,116.37718200683594,273.238525390625,76.02481842041016,69.84921264648438
488,2,385.91912841796875,303.4951171875,36.60878372192383,41.21339416503906
489,100,676.0,16.0,12.0,7.0
489,0,671.7738037109375,291.83233642578125,57.133941650390625,96.79193115234375
489,1,116.18064880371094,274.8551940917969,76.40705108642578,69.88536834716797
489,2,388.4861145019531,304.8785705566406,36.682037353515625,41.402305603027344
490,100,674.0,6.0,13.0,8.0
490,0,675.9217529296875,292.7677307128906,57.422298431396484,96.84345245361328
490,1,115.98411560058594,276.47186279296875,76.7892837524414,69.92152404785156
490,2,391.0557556152344,306.30462646484375,37.009151458740234,41.261104583740234
491,100,666.0,3.0,20.0,9.0
491,0,680.3424682617188,294.2546691894531,58.173675537109375,96.02021789550781
491,1,115.78758239746094,278.0885314941406,77.17151641845703,69.95767974853516
491,2,393.7181396484375,307.7565612792969,36.82858657836914,41.26405715942383
492,100,661.0,2.0,17.0,7.0
492,0,684.3956909179688,295.65216064453125,58.477073669433594,96.08171081542969
492,1,115.59104919433594,279.7052001953125,77.55374908447266,69.99383544921875
492,2,396.5341491699219,309.198974609375,37.22294616699219,41.529972076416016
493,100,657.0,3.0,20.0,10.0
493,0,688.5974731445312,296.7133483886719,59.28767395019531,96.47551727294922
493,1,115.39451599121094,281.3218688964844,77.93598175048828,70.02999114990234
493,2,399.2696228027344,310.67633056640625,37.31307601928711,42.26508712768555
494,100,651.0,12.0,16.0,9.0
494,0,692.5653076171875,297.4969482421875,59.837486267089844,96.80139923095703
494,1,115.19798278808594,282.93853759765625,78.3182144165039,70.06614685058594
494,2,401.86968994140625,312.1768493652344,37.1786003112793,42.82134246826172
495,100,644.0,22.0,15.0,11.0
495,0,696.3697509765625,298.3862609863281,60.40555953979492,97.57730102539062
495,1,115.00144958496094,284.5552062988281,78.70044708251953,70.10230255126953
495,2,404.1347351074219,313.67431640625,37.192752838134766,43.04166030883789
496,100,644.0,22.0,16.0,11.0
496,0,698.5441284179688,298.8705139160156,60.71310806274414,98.09530639648438
496,1,114.80491638183594,286.171875,79.08267974853516,70.13845825195312
496,2,405.4085693359375,314.5382995605469,37.1959228515625,43.134727478027344
497,100,636.0,31.0,18.0,11.0
497,0,700.5555419921875,299.2970275878906,61.3738899230957,98.42768859863281
497,1,114.60838317871094,287.7885437011719,79.46491241455078,70.17461395263672
497,2,406.6370849609375,315.3214416503906,37.34990310668945,42.703243255615234
498,100,620.0,46.0,19.0,9.0
498,0,703.109619140625,300.2748718261719,62.386234283447266,98.93446350097656
498,1,123.50699615478516,289.15631103515625,79.08040618896484,73.77576446533203
498,2,408.5458679199219,316.49322509765625,37.42557144165039,42.79121398925781
499,100,611.0,50.0,19.0,9.0
499,0,704.9453735351562,301.3236083984375,63.00099563598633,99.1673355102539
499,1,123.331787109375,290.6910705566406,79.55174255371094,74.35448455810547
499,2,410.45465087890625,317.6650085449219,37.50123977661133,42.87918472290039
500,100,602.0,52.0,18.0,9.0
500,0,706.1978759765625,302.3136291503906,63.22026824951172,99.26168060302734
500,1,123.83514404296875,292.2763366699219,79.88867950439453,74.74551391601562
500,2,412.3634338378906,318.8367919921875,37.576908111572266,42.96715545654297
501,100,594.0,53.0,18.0,9.0
501,0,707.0877685546875,303.05438232421875,63.429195404052734,99.6034927368164
501,1,124.3385009765625,293.8616027832031,80.22561645507812,75.13654327392578
501,2,414.272216796875,320.0085754394531,37.6525764465332,43.05512619018555
502,100,588.0,52.0,19.0,9.0
502,0,707.651611328125,303.722900390625,63.54027557373047,100.02018737792969
502,1,124.84185791015625,295.4468688964844,80.56255340576172,75.52757263183594
502,2,416.1809997558594,321.18035888671875,37.72824478149414,43.143096923828125
503,100,582.0,51.0,18.0,8.0
503,0,708.0321655273438,304.1667175292969,63.629844665527344,100.2956771850586
503,1,125.34521484375,297.0321350097656,80.89949035644531,75.9186019897461
503,2,418.08978271484375,322.3521423339844,37.80391311645508,43.2310676574707
504,100,577.0,51.0,17.0,9.0
504,0,708.3141479492188,304.18536376953125,63.65690612792969,100.38507843017578
504,1,125.84857177734375,298.6174011230469,81.2364273071289,76.30963134765625
504,2,419.9985656738281,323.52392578125,37.879581451416016,43.31903839111328
505,100,572.0,51.0,17.0,8.0
505,0,708.4896240234375,303.8830871582031,63.63677215576172,100.3809814453125
505,1,126.3519287109375,300.2026672363281,81.5733642578125,76.7006607055664
505,2,421.9073486328125,324.6957092285156,37.95524978637695,43.40700912475586
506,100,566.0,51.0,17.0,9.0
506,0,708.6127319335938,303.3410339355469,63.57640838623047,100.01383209228516
506,1,126.85528564453125,301.7879333496094,81.9103012084961,77.09169006347656
506,2,423.8161315917969,325.86749267578125,38.03091812133789,43.49497985839844
507,100,560.0,51.0,17.0,9.0
507,0,708.7623291015625,302.6020202636719,63.483421325683594,99.65025329589844
507,1,127.358642578125,303.3731994628906,82.24723815917969,77.48271942138672
507,2,425.72491455078125,327.0392761230469,38.10658645629883,43.582950592041016
508,100,554.0,50.0,16.0,8.0
508,0,709.043212890625,301.6622009277344,63.63478088378906,99.42670440673828
508,1,127.86199951171875,304.9584655761719,82.58417510986328,77.87374877929688
508,2,427.6336975097656,328.2110595703125,38.182254791259766,43.670921325683594
509,100,549.0,50.0,16.0,9.0
509,0,709.4351806640625,300.65765380859375,63.88004684448242,99.612060546875
509,1,128.3653564453125,306.5437316894531,82.92111206054688,78.26477813720703
509,2,429.54248046875,329.3828430175781,38.2579231262207,43.75889205932617
510,100,543.0,50.0,16.0,9.0
510,0,710.1052856445312,299.5484924316406,64.34390258789062,99.84178161621094
510,1,128.86871337890625,308.1289978027344,83.25804901123047,78.65580749511719
510,2,415.2161865234375,325.0213317871094,37.3099479675293,43.22876739501953
511,100,537.0,51.0,15.0,9.0
511,0,710.5068359375,298.3374328613281,64.30841827392578,100.23703002929688
511,1,129.3720703125,309.7142639160156,83.59498596191406,79.04683685302734
511,2,415.8332824707031,324.89666748046875,37.11227798461914,43.386505126953125
512,100,530.0,55.0,14.0,10.0
512,0,710.6928100585938,297.2152099609375,63.904518127441406,99.90251922607422
512,1,129.87542724609375,311.2995300292969,83.93192291259766,79.4378662109375
512,2,416.3020324707031,325.44854736328125,37.06821060180664,43.43758773803711
513,100,521.0,59.0,13.0,9.0
513,0,711.0266723632812,296.1567077636719,63.12289810180664,99.80152130126953
513,1,130.3787841796875,312.8847961425781,84.26885986328125,79.82889556884766
513,2,416.7707824707031,326.00042724609375,37.02414321899414,43.488670349121094
514,100,514.0,60.0,13.0,9.0
514,0,711.3253173828125,294.999755859375,62.56716537475586,99.61441802978516
514,1,130.88214111328125,314.4700622558594,84.60579681396484,80.21992492675781
514,2,417.2395324707031,326.55230712890625,36.98007583618164,43.53975296020508
515,100,514.0,60.0,13.0,9.0
515,0,711.4864501953125,294.3001708984375,62.20127487182617,99.48468017578125
515,1,131.385498046875,316.0553283691406,84.94273376464844,80.61095428466797
515,2,417.7082824707031,327.10418701171875,36.93600845336914,43.59083557128906
516,100,503.0,66.0,12.0,9.0
516,0,712.172119140625,292.5101318359375,62.282989501953125,99.42024230957031
516,1,130.8745880126953,300.9805603027344,79.23591613769531,75.24041748046875
516,2,418.1770324707031,327.65606689453125,36.89194107055664,43.64191818237305
517,100,498.0,68.0,12.0,10.0
517,0,712.9278564453125,290.501220703125,62.30266189575195,99.3609848022461
517,1,131.30538940429688,301.37408447265625,79.1405258178711,75.21929931640625
517,2,418.6457824707031,328.20794677734375,36.84787368774414,43.69300079345703
518,100,492.0,70.0,11.0,10.0
518,0,713.6342163085938,288.56982421875,62.1085205078125,99.05043029785156
518,1,131.73619079589844,301.7676086425781,79.04513549804688,75.19818115234375
518,2,419.1145324707031,328.75982666015625,36.80380630493164,43.744083404541016
519,100,486.0,73.0,12.0,10.0
519,0,714.1774291992188,286.7516784667969,61.664405822753906,98.78484344482422
519,1,132.1669921875,302.1611328125,78.94974517822266,75.17706298828125
519,2,419.5832824707031,329.31170654296875,36.75973892211914,43.795166015625
520,100,482.0,76.0,10.0,10.0
520,0,714.7312622070312,284.7772216796875,61.371925354003906,98.12336730957031
520,1,132.59779357910156,302.5546569824219,78.85435485839844,75.15594482421875
520,2,428.8851623535156,315.8064880371094,37.28252410888672,42.39108657836914
521,100,479.0,77.0,9.0,11.0
521,0,715.4633178710938,282.9118957519531,61.04853820800781,97.10570526123047
521,1,133.02859497070312,302.94818115234375,78.75896453857422,75.13482666015625
521,2,430.8323974609375,313.96173095703125,37.1843147277832,42.899166107177734
522,100,475.0,80.0,9.0,11.0
522,0,715.988525390625,280.99859619140625,60.85918045043945,96.25592041015625
522,1,140.78201293945312,298.4032897949219,78.5579833984375,75.4674301147461
522,2,432.637451171875,312.41741943359375,37.126869201660156,42.89858627319336
523,100,470.0,85.0,9.0,11.0
523,0,716.5399169921875,279.18719482421875,60.97871398925781,95.5638198852539
523,1,142.8084259033203,297.531494140625,78.1904525756836,75.3427505493164
523,2,434.3512268066406,311.309326171875,36.998287200927734,43.156463623046875
524,100,467.0,88.0,9.0,11.0
524,0,717.28857421875,277.2568359375,61.64520263671875,94.81591796875
524,1,145.02496337890625,296.8127136230469,77.65899658203125,75.23675537109375
524,2,436.01617431640625,310.15374755859375,36.91887283325195,43.143917083740234
525,100,465.0,88.0,9.0,10.0
525,0,718.1776733398438,275.66021728515625,61.7227783203125,93.96525573730469
525,1,147.30490112304688,295.8966064453125,76.90081787109375,74.70626831054688
525,2,437.8638916015625,308.87109375,36.94770050048828,42.5837287902832
526,100,463.0,89.0,9.0,11.0
526,0,718.9102783203125,273.8681945800781,61.02299499511719,93.31905364990234
526,1,149.8569793701172,295.1636657714844,76.93192291259766,74.19392395019531
526,2,439.9833068847656,307.5530700683594,36.82025909423828,41.77735900878906
527,100,461.0,89.0,9.0,10.0
527,0,719.8282470703125,272.1200866699219,61.020870208740234,92.98595428466797
527,1,152.13665771484375,294.5032653808594,77.36024475097656,74.14088439941406
527,2,442.0560607910156,306.26104736328125,36.66720962524414,41.20227813720703
528,100,459.0,88.0,9.0,11.0
528,0,720.6389770507812,270.3988037109375,61.04419708251953,92.64424896240234
528,1,154.3616943359375,293.88397216796875,77.15446472167969,74.42550659179688
528,2,444.0689392089844,305.0745544433594,36.60919952392578,41.29446792602539
529,100,457.0,87.0,10.0,10.0
529,0,721.7123413085938,268.6692199707031,61.044822692871094,92.27983093261719
529,1,156.7190704345703,293.481689453125,76.61351013183594,74.52095794677734
529,2,445.9659423828125,303.9435729980469,36.38216781616211,41.49393081665039
530,100,454.0,89.0,10.0,10.0
530,0,722.9471435546875,267.3496398925781,60.421875,91.81282043457031
530,1,158.7797393798828,293.0198669433594,76.576171875,74.26638793945312
530,2,447.8710021972656,302.7677307128906,36.1993293762207,41.44925308227539
531,100,449.0,95.0,10.0,11.0
531,0,724.0238037109375,265.7829895019531,59.683712005615234,91.46891021728516
531,1,160.68858337402344,292.44775390625,76.8835678100586,74.25684356689453
531,2,449.68975830078125,301.870361328125,36.102027893066406,42.035037994384766
532,100,442.0,101.0,10.0,12.0
532,0,724.797607421875,264.1282043457031,59.167449951171875,91.11051177978516
532,1,162.39219665527344,291.9783935546875,77.51893615722656,74.46665954589844
532,2,451.2242736816406,300.8196105957031,36.322147369384766,42.61933898925781
533,100,434.0,106.0,10.0,12.0
533,0,725.413818359375,262.44970703125,58.79620361328125,90.84723663330078
533,1,164.3912811279297,291.44586181640625,77.63858795166016,74.47016906738281
533,2,452.6020202636719,299.6224670410156,36.28645324707031,42.84447479248047
534,100,434.0,106.0,10.0,12.0
534,0,725.7203369140625,261.4636535644531,58.593135833740234,90.7465591430664
534,1,166.39036560058594,290.913330078125,77.75823974609375,74.47367858886719
534,2,453.3349914550781,298.92608642578125,36.24891662597656,42.96393585205078
535,100,413.0,125.0,8.0,10.0
535,0,726.1365966796875,259.8453369140625,58.445091247558594,90.36593627929688
535,1,165.43807983398438,291.05340576171875,77.88191986083984,74.40094757080078
535,2,454.4386901855469,297.7302551269531,36.31132507324219,42.16913604736328
536,100,401.0,134.0,7.0,12.0
536,0,726.2176513671875,258.0814514160156,58.209407806396484,90.39823150634766
536,1,166.8221893310547,290.6610107421875,78.00241088867188,74.3885726928711
536,2,455.4400634765625,296.61346435546875,36.65095138549805,41.51237487792969
537,100,389.0,145.0,6.0,10.0
537,0,726.1351928710938,256.40509033203125,58.141719818115234,91.07054901123047
537,1,168.206298828125,290.26861572265625,78.1229019165039,74.3761978149414
537,2,456.35284423828125,295.4952392578125,36.743263244628906,40.9603157043457
538,100,376.0,156.0,6.0,11.0
538,0,726.0697021484375,254.57052612304688,58.109737396240234,91.60687255859375
538,1,169.5904083251953,289.876220703125,78.24339294433594,74.36382293701172
538,2,457.1357116699219,294.439208984375,36.615230560302734,40.72965621948242
539,100,364.0,164.0,5.0,10.0
539,0,726.3148803710938,252.91041564941406,57.936031341552734,91.73600769042969
539,1,169.6259002685547,289.37744140625,77.53062438964844,75.27218627929688
539,2,457.994384765625,293.60137939453125,36.135337829589844,40.571441650390625
540,100,352.0,171.0,6.0,13.0
540,0,726.3037109375,251.92684936523438,58.175498962402344,91.5185317993164
540,1,170.77926635742188,288.96685791015625,77.50855255126953,75.41734313964844
540,2,458.7725524902344,292.7603759765625,36.068050384521484,40.738983154296875
541,100,340.0,178.0,6.0,14.0
541,0,726.7217407226562,250.6829833984375,58.5752067565918,91.97908020019531
541,1,171.1811065673828,288.9093322753906,77.11822509765625,75.88184356689453
541,2,459.48443603515625,291.9819641113281,36.12794876098633,41.17364501953125
542,100,327.0,183.0,6.0,13.0
542,0,727.303955078125,249.63768005371094,58.490631103515625,92.0111312866211
542,1,172.05718994140625,288.4961242675781,76.715087890625,75.74484252929688
542,2,460.4857177734375,291.1116027832031,35.95576858520508,41.55593490600586
543,100,316.0,188.0,6.0,12.0
543,0,727.6007080078125,248.39627075195312,58.043853759765625,91.85682678222656
543,1,173.03994750976562,288.1376647949219,76.55770111083984,75.87813568115234
543,2,461.564453125,290.2105407714844,35.768245697021484,41.583091735839844
544,100,305.0,191.0,7.0,13.0
544,0,727.9631958007812,247.07400512695312,57.33622741699219,92.06930541992188
544,1,174.022705078125,287.7792053222656,76.40031433105469,76.01142883300781
544,2,462.7932434082031,289.0987854003906,35.62156677246094,41.39731979370117
545,100,293.0,195.0,7.0,11.0
545,0,728.6827392578125,245.7637939453125,56.91282653808594,91.88528442382812
545,1,175.00546264648438,287.4207458496094,76.24292755126953,76.14472198486328
545,2,464.01422119140625,288.0385437011719,35.38190460205078,41.45602798461914
546,100,282.0,197.0,7.0,14.0
546,0,729.4616088867188,244.5074462890625,57.0956916809082,91.34992218017578
546,1,175.98822021484375,287.0622863769531,76.08554077148438,76.27801513671875
546,2,465.1773681640625,286.9914855957031,35.44496536254883,41.255985260009766
547,100,273.0,200.0,11.0,14.0
547,0,729.94775390625,243.0576629638672,57.13127136230469,90.92191314697266
547,1,176.97097778320312,286.7038269042969,75.92815399169922,76.41130828857422
547,2,466.303466796875,286.00189208984375,35.786903381347656,40.90871810913086
548,100,262.0,202.0,11.0,14.0
548,0,730.48046875,241.67906188964844,57.44364547729492,90.86371612548828
548,1,177.9537353515625,286.3453674316406,75.77076721191406,76.54460144042969
548,2,467.3290710449219,285.11767578125,35.878177642822266,40.48666000366211
549,100,253.0,204.0,10.0,14.0
549,0,731.1124877929688,240.64599609375,58.04988479614258,90.74105072021484
549,1,178.93649291992188,285.9869079589844,75.6133804321289,76.67789459228516
549,2,468.2457580566406,284.2359924316406,35.98040771484375,40.329158782958984
550,100,245.0,204.0,11.0,16.0
550,0,731.8289794921875,239.69007873535156,58.64743423461914,90.33942413330078
550,1,179.91925048828125,285.6284484863281,75.45599365234375,76.81118774414062
550,2,469.1849365234375,283.4384460449219,35.855125427246094,39.91151809692383
551,100,235.0,207.0,10.0,16.0
551,0,732.5687866210938,238.8177032470703,59.57097244262695,89.68621826171875
551,1,180.90200805664062,285.2699890136719,75.2986068725586,76.9444808959961
551,2,470.1418151855469,282.8682861328125,35.69355010986328,40.13025665283203
552,100,227.0,210.0,9.0,14.0
552,0,733.476806640625,237.93272399902344,60.747467041015625,89.18754577636719
552,1,181.42138671875,284.2647705078125,77.55177307128906,74.51085662841797
552,2,471.0670471191406,282.4480895996094,35.39912796020508,40.5236701965332
553,100,227.0,210.0,9.0,14.0
553,0,734.0372924804688,237.45648193359375,61.53744888305664,88.85414123535156
553,1,181.82298278808594,284.0237121582031,77.67034149169922,74.3307876586914
553,2,471.58966064453125,282.2624206542969,35.216190338134766,40.838172912597656
554,100,211.0,214.0,11.0,14.0
554,0,734.6973266601562,236.4913330078125,61.75408172607422,89.63603210449219
554,1,182.92137145996094,283.65753173828125,78.18849182128906,74.94023132324219
554,2,472.6045227050781,281.88458251953125,35.49789810180664,41.07552719116211
555,100,205.0,215.0,11.0,14.0
555,0,735.3056030273438,235.54824829101562,61.539833068847656,90.09884643554688
555,1,183.992431640625,283.4140319824219,78.49988555908203,75.36018371582031
555,2,473.5867004394531,281.3048400878906,35.78383255004883,41.360084533691406
556,100,198.0,215.0,12.0,14.0
556,0,735.5442504882812,234.7760772705078,60.64406967163086,90.1187515258789
556,1,184.95559692382812,283.1606750488281,78.47713470458984,75.57035827636719
556,2,474.57476806640625,280.52630615234375,35.74956512451172,41.06277847290039
557,100,190.0,214.0,10.0,14.0
557,0,736.0892333984375,233.88783264160156,60.6836051940918,90.17089080810547
557,1,185.90625,282.83319091796875,78.63642883300781,75.7117919921875
557,2,475.4206237792969,279.9623107910156,35.87375259399414,41.41169357299805
558,100,182.0,214.0,12.0,15.0
558,0,736.2015380859375,232.8711700439453,60.23713302612305,90.13887786865234
558,1,186.85690307617188,282.5057067871094,78.79572296142578,75.85322570800781
558,2,476.0688781738281,279.50811767578125,36.05754852294922,41.84919738769531
559,100,173.0,214.0,13.0,14.0
559,0,735.9215087890625,231.8792266845703,59.51730728149414,90.20145416259766
559,1,187.80755615234375,282.17822265625,78.95501708984375,75.99465942382812
559,2,476.6217346191406,278.91632080078125,36.20821762084961,41.9067268371582
560,100,165.0,212.0,14.0,14.0
560,0,735.67138671875,230.78579711914062,59.1937255859375,90.69976806640625
560,1,188.19491577148438,282.5628356933594,77.56375122070312,74.95185852050781
560,2,477.01123046875,278.31524658203125,36.3873176574707,41.86428451538086
561,100,157.0,208.0,13.0,14.0
561,0,735.4439086914062,229.77357482910156,58.982078552246094,90.82637023925781
561,1,188.95388793945312,282.48443603515625,77.14166259765625,74.68720245361328
561,2,477.5847473144531,277.8307800292969,36.215065002441406,41.91484069824219
562,100,148.0,205.0,15.0,14.0
562,0,735.3825073242188,228.8666229248047,58.5803108215332,91.26837921142578
562,1,189.5683135986328,283.01654052734375,75.75949096679688,71.41803741455078
562,2,478.10479736328125,277.3816223144531,35.85171127319336,41.655029296875
563,100,139.0,202.0,14.0,15.0
563,0,735.4037475585938,227.9958953857422,58.3685417175293,92.00318145751953
563,1,189.93870544433594,282.7916564941406,76.13410186767578,72.08443450927734
563,2,478.58197021484375,276.9468994140625,35.60784149169922,41.2972297668457
564,100,133.0,200.0,14.0,14.0
564,0,735.5263671875,227.4012908935547,58.074275970458984,92.43297576904297
564,1,190.26266479492188,282.58026123046875,76.34744262695312,72.53755187988281
564,2,478.959716796875,276.5297546386719,35.33664321899414,40.906612396240234
565,100,127.0,199.0,15.0,13.0
565,0,735.6641235351562,226.79254150390625,57.88277053833008,92.77184295654297
565,1,190.59324645996094,282.2861633300781,76.19983673095703,72.87268829345703
565,2,479.3091735839844,276.1602783203125,35.27312088012695,40.56549835205078
566,100,124.0,199.0,16.0,13.0
566,0,735.8018188476562,226.31448364257812,57.68099594116211,92.5638198852539
566,1,190.8872528076172,281.9787292480469,76.11832427978516,73.17581176757812
566,2,479.6462707519531,275.8813781738281,35.28175354003906,40.394771575927734
567,100,124.0,200.0,18.0,15.0
567,0,736.0360717773438,225.9025421142578,57.60734558105469,92.01342010498047
567,1,191.29598999023438,281.7756652832031,76.20011901855469,73.18504333496094
567,2,480.2660827636719,275.56494140625,35.433963775634766,40.43922424316406
568,100,125.0,202.0,16.0,15.0
568,0,736.248046875,225.4099884033203,57.6065559387207,91.4947509765625
568,1,191.8564910888672,281.5046691894531,76.29533386230469,73.0355453491211
568,2,481.030029296875,275.2701416015625,35.63563919067383,40.55345153808594
569,100,127.0,205.0,18.0,16.0
569,0,736.6909790039062,224.72283935546875,57.83206558227539,91.6892318725586
569,1,192.52687072753906,281.2694396972656,76.57911682128906,73.06867218017578
569,2,481.8837890625,274.8907470703125,35.8632926940918,40.271690368652344
570,100,130.0,208.0,15.0,17.0
570,0,737.330078125,224.1300048828125,57.97049331665039,92.00904846191406
570,1,193.07034301757812,281.1844787597656,77.0086441040039,72.89551544189453
570,2,482.8152770996094,274.5998840332031,36.06917190551758,40.13853073120117
571,100,130.0,208.0,15.0,17.0
571,0,737.7574462890625,223.79393005371094,58.07490539550781,92.23332214355469
571,1,193.3822784423828,281.1556091308594,77.317138671875,72.77352905273438
571,2,483.3939514160156,274.44183349609375,36.20375442504883,40.05305099487305
572,100,137.0,215.0,15.0,16.0
572,0,738.6513671875,223.2227325439453,57.82062530517578,92.39761352539062
572,1,193.8134307861328,281.267333984375,78.06961059570312,72.41560363769531
572,2,484.49322509765625,274.1246643066406,36.13386917114258,40.11623764038086
573,100,141.0,218.0,14.0,16.0
573,0,739.81005859375,222.68348693847656,58.05434799194336,92.22622680664062
573,1,194.1726531982422,281.4954833984375,78.65571594238281,72.52481079101562
573,2,485.6287536621094,273.9890441894531,36.092979431152344,40.18162536621094
574,100,145.0,222.0,15.0,15.0
574,0,740.969482421875,222.40008544921875,58.24822998046875,91.90815734863281
574,1,194.8450164794922,281.7164001464844,78.6940689086914,73.03564453125
574,2,486.79510498046875,274.1043395996094,36.291507720947266,40.21982192993164
575,100,149.0,226.0,14.0,15.0
575,0,742.1362915039062,222.58868408203125,58.40288543701172,91.23081970214844
575,1,195.49183654785156,282.19390869140625,78.83769989013672,73.70250701904297
575,2,487.8895568847656,274.37847900390625,36.50811767578125,40.311973571777344
576,100,154.0,229.0,14.0,16.0
576,0,743.2974243164062,222.7883758544922,58.29189682006836,90.6944351196289
576,1,195.9048614501953,282.6508483886719,78.97213745117188,74.1088638305664
576,2,488.7649841308594,274.77825927734375,36.61720275878906,40.554962158203125
577,100,161.0,235.0,12.0,17.0
577,0,744.3236083984375,222.7599639892578,58.22085189819336,90.79631042480469
577,1,199.88623046875,281.5923767089844,69.67973327636719,67.52404022216797
577,2,489.6049499511719,275.2228698730469,36.588172912597656,40.777408599853516
578,100,170.0,242.0,8.0,10.0
578,0,745.066650390625,222.89622497558594,58.03778839111328,90.89215850830078
578,1,199.3843994140625,281.1939697265625,70.36035919189453,65.3046646118164
578,2,490.246826171875,275.8243103027344,36.53272247314453,40.86113739013672
579,100,178.0,245.0,7.0,5.0
579,0,745.6925659179688,223.0916748046875,58.17698669433594,90.96814727783203
579,1,200.29087829589844,281.0251770019531,68.90754699707031,63.65085983276367
579,2,490.9322509765625,276.3524475097656,36.39998245239258,41.03506851196289
580,100,178.0,246.0,6.0,5.0
580,0,746.2686157226562,223.36407470703125,58.28898239135742,91.17970275878906
580,1,201.19735717773438,280.85638427734375,67.4547348022461,61.99705505371094
580,2,491.70831298828125,276.8133850097656,36.27618408203125,41.14383316040039
581,100,178.0,246.0,7.0,6.0
581,0,746.9178466796875,223.854248046875,58.74989318847656,91.344482421875
581,1,198.6908416748047,284.9496154785156,73.51097106933594,69.4030532836914
581,2,492.4522705078125,277.3155212402344,36.41337585449219,41.37907791137695
582,100,179.0,246.0,6.0,6.0
582,0,747.5331420898438,224.33697509765625,59.146888732910156,91.54121398925781
582,1,198.02963256835938,286.70513916015625,75.9626235961914,72.70138549804688
582,2,493.0528259277344,277.8215637207031,36.67686080932617,41.67234802246094
583,100,180.0,247.0,5.0,5.0
583,0,748.1869506835938,224.6407928466797,58.82600784301758,92.4858169555664
583,1,197.76016235351562,287.9256591796875,77.36856842041016,74.91564178466797
583,2,493.6433410644531,278.4239807128906,36.729896545410156,41.760589599609375
584,100,179.0,248.0,6.0,5.0
584,0,748.656494140625,225.40606689453125,58.53059387207031,92.19644927978516
584,1,197.68020629882812,289.0693664550781,78.43305206298828,76.01182556152344
584,2,494.12261962890625,279.2565002441406,36.73175048828125,42.21781539916992
585,100,179.0,248.0,16.0,16.0
585,0,749.1177368164062,226.3760528564453,58.59402847290039,92.4760513305664
585,1,197.43585205078125,290.47430419921875,79.40762329101562,77.19520568847656
585,2,494.4786682128906,280.2578430175781,36.64744567871094,42.804080963134766
586,100,179.0,249.0,16.0,16.0
586,0,749.4539184570312,227.7203826904297,58.92630386352539,92.14662170410156
586,1,197.11965942382812,292.4574279785156,80.4361343383789,78.33578491210938
586,2,494.76690673828125,281.6206970214844,36.31852722167969,42.4937858581543
587,100,180.0,250.0,16.0,16.0
587,0,749.6793212890625,229.22164916992188,59.560482025146484,92.54850769042969
587,1,196.0460968017578,294.68634033203125,80.77742004394531,78.67896270751953
587,2,494.8370666503906,283.0492858886719,36.21629333496094,41.9508171081543
588,100,180.0,250.0,16.0,16.0
588,0,749.6747436523438,230.45236206054688,59.632080078125,92.7706527709961
588,1,195.149169921875,296.8905334472656,81.1066665649414,78.38085174560547
588,2,494.6636047363281,284.5982360839844,36.35123825073242,41.12503433227539
589,100,175.0,256.0,5.0,4.0
589,0,749.5835571289062,231.3765869140625,59.84510803222656,93.12159729003906
589,1,194.2950897216797,298.9107666015625,80.96971893310547,77.9453353881836
589,2,494.3858337402344,286.0710754394531,36.55268859863281,40.89384841918945
590,100,174.0,257.0,7.0,6.0
590,0,749.4832763671875,231.88949584960938,59.99127960205078,93.36847686767578
590,1,193.757080078125,300.11309814453125,80.78720092773438,77.54193878173828
590,2,494.151123046875,286.9749755859375,36.73126983642578,40.76476287841797
591,100,174.0,259.0,7.0,5.0
591,0,749.5884399414062,233.12615966796875,59.72651672363281,92.47162628173828
591,1,193.01026916503906,301.339111328125,80.57061767578125,77.17190551757812
591,2,493.66119384765625,287.8941650390625,36.37787628173828,40.69355773925781
592,100,171.0,260.0,6.0,6.0
592,0,749.5690307617188,233.95700073242188,59.010738372802734,92.19319915771484
592,1,191.48974609375,302.87945556640625,80.8038558959961,77.12950134277344
592,2,492.96368408203125,289.11328125,36.20234298706055,41.18735885620117
593,100,169.0,262.0,6.0,5.0
593,0,749.46240234375,234.7254180908203,58.537681579589844,91.6983871459961
593,1,189.7291717529297,304.28497314453125,81.26992797851562,76.9683609008789
593,2,492.37347412109375,290.13299560546875,36.120723724365234,41.7723388671875
594,100,168.0,263.0,6.0,5.0
594,0,749.3592529296875,235.14059448242188,58.220115661621094,91.67539978027344
594,1,187.86276245117188,305.4685363769531,81.70540618896484,77.0584945678711
594,2,491.97442626953125,291.017578125,36.208168029785156,42.23819351196289
595,100,165.0,263.0,7.0,6.0
595,0,748.79736328125,235.9255828857422,58.62128448486328,91.52091979980469
595,1,185.91864013671875,306.5895080566406,82.08221435546875,77.61628723144531
595,2,491.28472900390625,291.83929443359375,36.44639587402344,42.42276382446289
596,100,161.0,262.0,9.0,10.0
596,0,748.2277221679688,236.48117065429688,58.910888671875,91.54296112060547
596,1,183.9953155517578,308.2179260253906,82.22393035888672,78.95258331298828
596,2,490.54925537109375,292.7838439941406,36.85212326049805,42.26292037963867
597,100,158.0,263.0,11.0,13.0
597,0,747.5445556640625,237.21458435058594,59.0930290222168,91.2714614868164
597,1,181.96531677246094,310.1405944824219,82.53419494628906,79.38505554199219
597,2,489.481689453125,294.00103759765625,37.01984786987305,42.00483703613281
598,100,155.0,263.0,12.0,15.0
598,0,746.8392944335938,238.1700897216797,59.72708511352539,91.7005615234375
598,1,180.2886199951172,312.2582092285156,83.05485534667969,79.99028015136719
598,2,488.72467041015625,295.7804870605469,37.533790588378906,42.03256607055664
599,100,153.0,263.0,13.0,16.0
599,0,746.4708251953125,239.9753875732422,60.50119400024414,90.4041748046875
599,1,178.6083984375,314.432861328125,83.96512603759766,80.50507354736328
599,2,487.9659423828125,297.9612731933594,37.765342712402344,42.964847564697266
600,100,151.0,261.0,13.0,16.0
600,0,746.1065673828125,241.41087341308594,60.81916046142578,89.8722915649414
600,1,177.03219604492188,316.6113586425781,84.75981140136719,80.7461166381836
600,2,487.3339538574219,299.95526123046875,37.82366180419922,43.552425384521484
601,100,150.0,258.0,12.0,17.0
601,0,745.459716796875,242.63638305664062,60.45057678222656,89.66095733642578
601,1,175.8247833251953,318.6596374511719,85.1634750366211,80.7118911743164
601,2,486.9406433105469,301.7739562988281,37.69107437133789,43.57483673095703
602,100,148.0,254.0,12.0,15.0
602,0,745.3111572265625,243.65728759765625,60.343257904052734,90.02947235107422
602,1,174.88418579101562,320.51092529296875,85.31976318359375,80.37003326416016
602,2,486.7070617675781,303.0462951660156,37.80663299560547,43.76558303833008
603,100,146.0,248.0,14.0,17.0
603,0,745.225830078125,244.54225158691406,60.42909622192383,89.93412780761719
603,1,173.8603057861328,322.11932373046875,85.03273010253906,80.25721740722656
603,2,486.45892333984375,304.16265869140625,38.03049087524414,43.70980453491211
604,100,144.0,242.0,14.0,17.0
604,0,745.0447387695312,245.23190307617188,60.56123733520508,89.76141357421875
604,1,172.62576293945312,323.73834228515625,85.12738037109375,80.45330047607422
604,2,485.9411315917969,305.0123596191406,38.16878890991211,43.46049499511719
605,100,142.0,237.0,16.0,19.0
605,0,744.5481567382812,245.8220672607422,60.49235153198242,89.91139221191406
605,1,170.98606872558594,325.3216552734375,85.38117218017578,80.71883392333984
605,2,485.2507629394531,305.88226318359375,38.10689163208008,43.06336975097656
606,100,141.0,230.0,14.0,17.0
606,0,743.6053466796875,246.79965209960938,60.612125396728516,89.74735260009766
606,1,169.4137725830078,326.82794189453125,86.04521179199219,81.0721435546875
606,2,484.5062255859375,306.70977783203125,38.26774978637695,42.616661071777344
607,100,142.0,224.0,16.0,17.0
607,0,742.677734375,247.0476531982422,61.139949798583984,91.18254089355469
607,1,168.0789794921875,328.52032470703125,86.83455657958984,81.40100860595703
607,2,483.8344421386719,307.96844482421875,38.77907180786133,42.31110382080078
608,100,145.0,216.0,16.0,17.0
608,0,741.9310913085938,247.02105712890625,61.52155303955078,92.94369506835938
608,1,167.0518341064453,329.9027099609375,87.4159927368164,81.95016479492188
608,2,483.2919921875,309.0140686035156,38.93606185913086,42.32658004760742
609,100,145.0,216.0,16.0,17.0
609,0,741.48486328125,246.9807891845703,61.74738693237305,94.02005004882812
609,1,166.51307678222656,330.6397399902344,87.76876831054688,82.31710815429688
609,2,482.98614501953125,309.5981140136719,39.00898361206055,42.357421875
610,100,152.0,202.0,15.0,16.0
610,0,741.48974609375,247.111328125,62.11491012573242,93.98564910888672
610,1,166.10287475585938,331.493408203125,88.11738586425781,82.562744140625
610,2,482.9291076660156,310.012939453125,39.017303466796875,42.486732482910156
611,100,156.0,199.0,15.0,15.0
611,0,741.5410766601562,246.88421630859375,62.252098083496094,94.0044174194336
611,1,165.78228759765625,332.1445617675781,87.86051940917969,82.56436920166016
611,2,482.9476318359375,310.17987060546875,38.924373626708984,42.45664596557617
612,100,162.0,194.0,15.0,15.0
612,0,741.4567260742188,247.02688598632812,62.19675827026367,92.6581802368164
612,1,165.3368377685547,332.5693054199219,87.58645629882812,82.9455337524414
612,2,482.95220947265625,310.2204895019531,38.79246520996094,42.507110595703125
613,100,168.0,191.0,14.0,14.0
613,0,741.3792114257812,246.95748901367188,61.62355041503906,91.66416931152344
613,1,164.88121032714844,332.9447326660156,87.22467041015625,83.42670440673828
613,2,483.0071716308594,310.0892639160156,38.68402862548828,42.54115295410156
614,100,173.0,186.0,15.0,15.0
614,0,741.2232055664062,245.33416748046875,61.36808776855469,93.49395751953125
614,1,164.42117309570312,333.33892822265625,86.92620086669922,83.89897918701172
614,2,483.11358642578125,309.844482421875,38.66587448120117,42.51313018798828
615,100,176.0,182.0,15.0,15.0
615,0,740.7723999023438,244.4730682373047,60.666831970214844,93.32847595214844
615,1,163.95469665527344,333.6789245605469,86.73540496826172,84.15791320800781
615,2,483.1966247558594,309.3360290527344,38.500587463378906,42.23871994018555
616,100,179.0,181.0,16.0,15.0
616,0,740.1475219726562,243.7628631591797,60.09092712402344,92.21436309814453
616,1,163.5509796142578,333.91644287109375,86.8034896850586,84.26522064208984
616,2,483.3011169433594,308.6155090332031,38.3390007019043,41.983558654785156
617,100,182.0,180.0,15.0,15.0
617,0,739.3619995117188,242.88815307617188,59.60012435913086,91.59468078613281
617,1,163.25233459472656,333.98828125,86.91986083984375,84.29463958740234
617,2,483.3439025878906,307.61383056640625,38.24604415893555,41.79486846923828
618,100,185.0,179.0,15.0,16.0
618,0,738.7598876953125,241.7404022216797,59.668006896972656,91.6884994506836
618,1,163.3039093017578,333.86785888671875,87.19176483154297,84.38431549072266
618,2,483.4735412597656,306.37078857421875,38.15074157714844,41.55796813964844
619,100,187.0,179.0,15.0,16.0
619,0,738.4019165039062,240.71859741210938,60.14548873901367,91.14447021484375
619,1,163.8573760986328,333.6189270019531,87.3550033569336,84.35918426513672
619,2,483.8325500488281,305.37701416015625,37.96474838256836,41.7169189453125
620,100,189.0,176.0,15.0,17.0
620,0,738.0405883789062,239.4680633544922,60.162723541259766,90.17330169677734
620,1,165.07044982910156,333.2713928222656,87.91232299804688,84.2278823852539
620,2,484.7255554199219,304.4681701660156,37.604835510253906,41.99323654174805
621,100,191.0,175.0,15.0,15.0
621,0,737.603759765625,238.54200744628906,60.11391830444336,89.72150421142578
621,1,166.3765106201172,333.09552001953125,88.26985931396484,84.04230499267578
621,2,486.0398254394531,303.6326599121094,37.46816635131836,42.241153717041016
622,100,193.0,174.0,14.0,15.0
622,0,737.1669311523438,237.61595153808594,60.06511306762695,89.26970672607422
622,1,168.31068420410156,332.6997375488281,88.51481628417969,84.14662170410156
622,2,487.5831604003906,303.01104736328125,37.57615280151367,42.61601638793945
623,100,195.0,173.0,14.0,15.0
623,0,736.7301025390625,236.6898956298828,60.01630783081055,88.81790924072266
623,1,171.25335693359375,332.5549011230469,87.76387786865234,83.77861022949219
623,2,489.689697265625,302.1683044433594,37.687496185302734,42.924774169921875
624,100,197.0,172.0,13.0,15.0
624,0,736.2932739257812,235.7638397216797,59.96750259399414,88.3661117553711
624,1,174.5171661376953,332.2625732421875,87.27362060546875,83.47825622558594
624,2,491.75823974609375,301.1380920410156,37.749820709228516,42.972679138183594
625,100,199.0,171.0,13.0,15.0
625,0,735.8564453125,234.83778381347656,59.918697357177734,87.91431427001953
625,1,177.79965209960938,331.8014831542969,87.62130737304688,83.45706939697266
625,2,494.5043640136719,300.0209045410156,37.248191833496094,43.18011474609375
626,100,202.0,171.0,14.0,15.0
626,0,735.4196166992188,233.91172790527344,59.86989212036133,87.46251678466797
626,1,181.351806640625,331.1007385253906,87.48837280273438,83.09378814697266
626,2,497.07476806640625,298.9310302734375,37.39314651489258,43.48184585571289
627,100,204.0,171.0,14.0,14.0
627,0,734.9827880859375,232.9856719970703,59.82108688354492,87.0107192993164
627,1,184.87403869628906,330.23101806640625,87.1136703491211,82.90046691894531
627,2,499.47674560546875,297.77880859375,37.40474319458008,42.88516616821289
628,100,204.0,171.0,14.0,14.0
628,0,734.5459594726562,232.0596160888672,59.772281646728516,86.55892181396484
628,1,187.04510498046875,329.6605224609375,86.84649658203125,82.83322143554688
628,2,500.9325256347656,297.0881652832031,37.40888214111328,42.43345642089844
629,100,210.0,170.0,15.0,15.0
629,0,734.109130859375,231.13356018066406,59.72347640991211,86.10712432861328
629,1,190.62730407714844,328.7206726074219,86.81782531738281,82.72283935546875
629,2,503.6015319824219,295.4955139160156,37.28877639770508,42.14595413208008
630,100,213.0,171.0,14.0,15.0
630,0,733.6723022460938,230.20750427246094,59.6746711730957,85.65532684326172
630,1,194.36355590820312,327.8805236816406,86.26681518554688,82.86263275146484
630,2,506.2497863769531,294.1241455078125,36.90715408325195,41.92978286743164
631,100,214.0,173.0,15.0,15.0
631,0,733.2354736328125,229.2814483642578,59.6258659362793,85.20352935791016
631,1,197.56764221191406,327.072021484375,85.57784271240234,82.78878021240234
631,2,508.57696533203125,292.795166015625,36.81616973876953,41.78297805786133
632,100,217.0,177.0,13.0,15.0
632,0,732.7986450195312,228.3553924560547,59.57706069946289,84.7517318725586
632,1,200.07244873046875,326.4393615722656,85.66671752929688,82.77182006835938
632,2,510.23406982421875,291.5528869628906,36.68061828613281,41.29941940307617
633,100,219.0,186.0,13.0,19.0
633,0,732.36181640625,227.42933654785156,59.528255462646484,84.29993438720703
633,1,202.12832641601562,325.8269958496094,85.98065948486328,82.10814666748047
633,2,511.4671936035156,290.41009521484375,36.651832580566406,41.18836975097656
634,100,217.0,195.0,13.0,18.0
634,0,731.9249877929688,226.50328063964844,59.47945022583008,83.84813690185547
634,1,203.94110107421875,325.2467956542969,86.02757263183594,81.84456634521484
634,2,512.6825561523438,289.4473571777344,36.64210891723633,41.179134368896484
635,100,217.0,203.0,13.0,16.0
635,0,731.4881591796875,225.5772247314453,59.43064498901367,83.3963394165039
635,1,205.52479553222656,324.81610107421875,85.76260375976562,82.43749237060547
635,2,513.7828979492188,288.40216064453125,36.33628463745117,41.12285614013672
636,100,215.0,214.0,13.0,18.0
636,0,731.0513305664062,224.6511688232422,59.381839752197266,82.94454193115234
636,1,206.8939666748047,324.38409423828125,85.51005554199219,83.02216339111328
636,2,514.7303466796875,287.1844177246094,36.21528625488281,40.751365661621094
637,100,213.0,221.0,14.0,21.0
637,0,730.614501953125,223.72511291503906,59.33303451538086,82.49274444580078
637,1,208.15736389160156,323.724609375,85.65044403076172,82.89216613769531
637,2,515.4491577148438,285.76031494140625,36.396156311035156,40.18363571166992
638,100,209.0,227.0,12.0,17.0
638,0,730.1776733398438,222.79905700683594,59.28422927856445,82.04094696044922
638,1,209.2581787109375,323.1786804199219,85.89334106445312,82.91731262207031
638,2,516.089599609375,284.604248046875,36.68526077270508,40.209712982177734
639,100,203.0,231.0,13.0,17.0
639,0,729.7408447265625,221.8730010986328,59.23542404174805,81.58914947509766
639,1,210.49154663085938,322.3923034667969,85.77375030517578,82.3845443725586
639,2,516.521484375,283.4705810546875,36.77625274658203,40.17680740356445
640,100,196.0,233.0,13.0,17.0
640,0,729.3040161132812,220.9469451904297,59.18661880493164,81.1373519897461
640,1,211.7634735107422,321.4302062988281,85.52436065673828,81.8623046875
640,2,516.9445190429688,281.96942138671875,36.887691497802734,40.44487380981445
641,100,188.0,234.0,10.0,15.0
641,0,728.8671875,220.02088928222656,59.137813568115234,80.68555450439453
641,1,212.51280212402344,320.2051696777344,85.56865692138672,80.96900177001953
641,2,517.0179443359375,280.2572021484375,36.76750564575195,40.97273254394531
642,100,176.0,234.0,11.0,16.0
642,0,728.4303588867188,219.09483337402344,59.08900833129883,80.23375701904297
642,1,212.7683563232422,319.1695861816406,85.66959381103516,80.66607666015625
642,2,516.903564453125,278.7328796386719,36.79841613769531,41.22676086425781
643,100,167.0,233.0,14.0,17.0
643,0,727.9935302734375,218.1687774658203,59.04020309448242,79.7819595336914
643,1,212.55490112304688,318.503662109375,86.12150573730469,80.58100128173828
643,2,516.552001953125,277.405029296875,36.8992805480957,41.26767349243164
644,100,157.0,230.0,13.0,15.0
644,0,740.9715576171875,206.19561767578125,55.25107192993164,83.67106628417969
644,1,212.27578735351562,318.2217712402344,86.41801452636719,80.3608169555664
644,2,516.0994262695312,276.4268493652344,36.964935302734375,41.17692184448242
645,100,147.0,223.0,13.0,16.0
645,0,741.2656860351562,204.6676025390625,54.99845504760742,83.455810546875
645,1,211.79635620117188,318.3401794433594,86.80377197265625,80.302001953125
645,2,515.6347045898438,275.6776428222656,36.930381774902344,41.075538635253906
646,100,138.0,217.0,14.0,16.0
646,0,741.559814453125,203.13958740234375,54.7458381652832,83.24055480957031
646,1,211.22483825683594,319.10089111328125,87.15679168701172,80.82762145996094
646,2,515.1790771484375,275.3069152832031,36.79909896850586,40.90374755859375
647,100,138.0,217.0,14.0,16.0
647,0,741.8539428710938,201.611572265625,54.493221282958984,83.02529907226562
647,1,210.7752685546875,319.7409973144531,87.34854125976562,81.23174285888672
647,2,514.8584594726562,275.2100830078125,36.68429183959961,40.7861328125
648,100,119.0,203.0,15.0,16.0
648,0,742.1480712890625,200.08355712890625,54.240604400634766,82.81004333496094
648,1,209.8117218017578,321.1158142089844,87.36349487304688,81.81221008300781
648,2,514.0452880859375,275.7669677734375,36.568260192871094,40.36055374145508
649,100,109.0,194.0,17.0,16.0
649,0,736.4708862304688,205.04808044433594,54.21216583251953,81.73670196533203
649,1,208.64535522460938,322.58489990234375,86.79959869384766,82.6151351928711
649,2,513.1416015625,276.95849609375,36.331878662109375,40.33007049560547
650,100,100.0,185.0,17.0,14.0
650,0,734.7877197265625,205.75823974609375,53.67020034790039,81.94969940185547
650,1,207.6839141845703,324.1666259765625,86.381103515625,83.18367767333984
650,2,512.2801513671875,278.2130126953125,35.95051956176758,40.25971984863281
651,100,92.0,175.0,18.0,16.0
651,0,733.886962890625,205.54678344726562,53.390995025634766,81.70272827148438
651,1,206.8790283203125,325.9302673339844,86.25555419921875,83.4175796508789
651,2,511.3030700683594,279.3059997558594,35.62944030761719,40.408138275146484
652,100,83.0,166.0,22.0,15.0
652,0,732.9862060546875,205.3353271484375,53.11178970336914,81.45575714111328
652,1,206.2279052734375,327.38726806640625,86.23375701904297,83.52581787109375
652,2,510.3117370605469,280.17474365234375,35.67137908935547,40.54225158691406
653,100,73.0,158.0,15.0,13.0
653,0,732.08544921875,205.12387084960938,52.832584381103516,81.20878601074219
653,1,205.64443969726562,328.53802490234375,86.17514038085938,83.52388763427734
653,2,509.3464660644531,280.91046142578125,35.899166107177734,40.97417068481445
654,100,67.0,148.0,19.0,12.0
654,0,731.1846923828125,204.91241455078125,52.55337905883789,80.9618148803711
654,1,204.9581298828125,329.25146484375,86.11211395263672,83.19195556640625
654,2,508.3403625488281,281.33984375,35.846923828125,41.093605041503906
655,100,58.0,142.0,15.0,10.0
655,0,730.283935546875,204.70095825195312,52.274173736572266,80.71484375
655,1,203.78793334960938,330.0493469238281,85.67330169677734,82.96736907958984
655,2,507.1942138671875,281.6088562011719,35.673187255859375,40.884517669677734
656,100,52.0,136.0,16.0,10.0
656,0,729.3831787109375,204.489501953125,51.99496841430664,80.4678726196289
656,1,202.77362060546875,330.60546875,85.52562713623047,82.8233871459961
656,2,506.0662536621094,281.62408447265625,35.47892761230469,40.94826126098633
657,100,51.0,132.0,20.0,12.0
657,0,728.482421875,204.27804565429688,51.715763092041016,80.22090148925781
657,1,201.8941192626953,331.04364013671875,85.58628845214844,82.74407958984375
657,2,505.08636474609375,281.3592834472656,35.46302032470703,41.08372497558594
658,100,49.0,133.0,19.0,12.0
658,0,727.5816650390625,204.06658935546875,51.43655776977539,79.97393035888672
658,1,200.8291015625,331.5426025390625,85.92337799072266,82.58045196533203
658,2,504.1712951660156,281.25311279296875,35.501258850097656,41.27522277832031
659,100,48.0,135.0,19.0,12.0
659,0,726.680908203125,203.85513305664062,51.157352447509766,79.72695922851562
659,1,199.6851043701172,331.9189453125,86.4084701538086,82.54199981689453
659,2,503.1269836425781,281.0977783203125,35.411705017089844,41.543148040771484
660,100,48.0,140.0,19.0,12.0
660,0,725.7801513671875,203.6436767578125,50.87814712524414,79.47998809814453
660,1,198.55160522460938,332.1369323730469,86.40472412109375,82.73633575439453
660,2,502.2611389160156,280.66680908203125,35.50771713256836,41.15242385864258
661,100,50.0,147.0,19.0,12.0
661,0,724.87939453125,203.43222045898438,50.598941802978516,79.23301696777344
661,1,197.583984375,332.2868347167969,86.14000701904297,82.95614624023438
661,2,501.44970703125,280.1275939941406,35.621280670166016,40.89418029785156
662,100,52.0,157.0,18.0,13.0
662,0,723.9786376953125,203.22076416015625,50.31973648071289,78.98604583740234
662,1,196.77096557617188,332.667236328125,85.84624481201172,83.033447265625
662,2,500.67437744140625,279.7383728027344,35.7185173034668,40.67681121826172
663,100,56.0,166.0,20.0,16.0
663,0,723.077880859375,203.00930786132812,50.040531158447266,78.73907470703125
663,1,196.1800079345703,333.02105712890625,85.63050079345703,83.1708755493164
663,2,499.81414794921875,279.3965148925781,35.91960144042969,40.71669006347656
664,100,62.0,175.0,23.0,16.0
664,0,722.1771240234375,202.7978515625,49.76132583618164,78.49210357666016
664,1,195.86550903320312,333.310791015625,85.59123992919922,83.35630798339844
664,2,499.1881408691406,278.9991149902344,36.15275192260742,40.7684440612793
665,100,69.0,184.0,19.0,16.0
665,0,721.2763671875,202.58639526367188,49.482120513916016,78.24513244628906
665,1,195.76597595214844,333.4908447265625,85.74165344238281,83.48861694335938
665,2,499.00555419921875,278.447998046875,36.082698822021484,41.08732223510742
666,100,77.0,196.0,17.0,15.0
666,0,720.3756103515625,202.37493896484375,49.20291519165039,77.99816131591797
666,1,196.04173278808594,333.7088317871094,85.78119659423828,83.60386657714844
666,2,499.1412048339844,277.8636474609375,35.96694564819336,41.25394058227539
667,100,90.0,207.0,18.0,16.0
667,0,719.474853515625,202.16348266601562,48.923709869384766,77.75119018554688
667,1,196.79168701171875,333.7950744628906,86.07567596435547,83.60997009277344
667,2,499.7835388183594,277.1195983886719,35.99077606201172,40.55338668823242
668,100,103.0,221.0,15.0,15.0
668,0,718.5740966796875,201.9520263671875,48.64450454711914,77.50421905517578
668,1,198.0379638671875,333.90374755859375,86.79424285888672,83.63026428222656
668,2,500.7517395019531,276.5638122558594,35.86554718017578,39.98787307739258
669,100,119.0,234.0,14.0,14.0
669,0,717.67333984375,201.74057006835938,48.365299224853516,77.25724792480469
669,1,199.93670654296875,334.0403137207031,86.96873474121094,83.8371353149414
669,2,502.1319885253906,275.9283752441406,35.66818618774414,39.5445671081543
670,100,136.0,249.0,15.0,18.0
670,0,716.7725830078125,201.52911376953125,48.08609390258789,77.0102767944336
670,1,202.52151489257812,334.0675354003906,87.1880111694336,83.45523834228516
670,2,504.01934814453125,275.583251953125,35.602848052978516,39.71162033081055
671,100,153.0,264.0,10.0,14.0
671,0,715.871826171875,201.31765747070312,47.806888580322266,76.7633056640625
671,1,205.55088806152344,334.14593505859375,87.00946044921875,83.72105407714844
671,2,506.10833740234375,275.44500732421875,35.49388885498047,39.7404670715332
672,100,228.0,134.0,5.0,4.0
672,0,714.9710693359375,201.106201171875,47.52768325805664,76.5163345336914
672,1,208.7065887451172,334.1590881347656,87.37744140625,83.61591339111328
672,2,508.4440612792969,275.23284912109375,35.71904754638672,39.63740158081055
673,100,198.0,287.0,7.0,8.0
673,0,714.0703125,200.89474487304688,47.248477935791016,76.26936340332031
673,1,210.7209014892578,334.2608642578125,87.55783081054688,83.6292953491211
673,2,510.8342590332031,274.8179016113281,35.38637161254883,39.10098648071289
674,100,201.0,288.0,7.0,7.0
674,0,713.1695556640625,200.68328857421875,46.96927261352539,76.02239227294922
674,1,212.73521423339844,334.3626403808594,87.73822021484375,83.6426773071289
674,2,513.1959228515625,274.5597839355469,35.242454528808594,38.79975891113281
675,100,204.0,288.0,6.0,7.0
675,0,712.268798828125,200.47183227539062,46.690067291259766,75.77542114257812
675,1,218.01539611816406,334.42523193359375,86.7916030883789,84.14766693115234
675,2,515.6768188476562,274.4041748046875,35.3290901184082,38.8704948425293
676,100,207.0,287.0,7.0,8.0
676,0,711.3680419921875,200.2603759765625,46.41086196899414,75.52845001220703
676,1,221.66860961914062,334.6003723144531,85.78262329101562,84.56644439697266
676,2,518.0526123046875,274.1552734375,35.56349182128906,38.994110107421875
677,100,210.0,287.0,7.0,8.0
677,0,710.46728515625,200.04891967773438,46.131656646728516,75.28147888183594
677,1,225.162841796875,334.4258728027344,85.26371765136719,84.80482482910156
677,2,520.3911743164062,273.3825378417969,35.421791076660156,38.96321487426758
678,100,212.0,287.0,6.0,7.0
678,0,709.5665283203125,199.83746337890625,45.85245132446289,75.03450775146484
678,1,228.19757080078125,334.47186279296875,84.94647979736328,84.9984130859375
678,2,522.861328125,272.49591064453125,35.45211410522461,38.78617858886719
679,100,214.0,286.0,7.0,8.0
679,0,708.665771484375,199.62600708007812,45.573246002197266,74.78753662109375
679,1,230.8148651123047,333.6177673339844,84.49977111816406,83.8094482421875
679,2,525.0228271484375,271.4435729980469,35.05430603027344,39.10224151611328
680,100,217.0,286.0,7.0,8.0
680,1,233.75460815429688,333.4589538574219,84.153076171875,83.68843078613281
680,2,527.214599609375,270.3036193847656,34.827003479003906,39.03546142578125
681,100,219.0,285.0,6.0,8.0
681,1,235.89620971679688,332.3223571777344,83.8479995727539,83.58949279785156
681,2,529.2615356445312,269.45904541015625,34.80788040161133,39.12130355834961
682,100,221.0,284.0,7.0,8.0
682,1,238.14051818847656,331.3972473144531,83.6602554321289,83.78466796875
682,2,531.1414184570312,268.69110107421875,35.061317443847656,39.49234390258789
683,100,223.0,285.0,7.0,7.0
683,1,240.0803680419922,331.060791015625,83.68616485595703,83.77970123291016
683,2,532.638916015625,268.34039306640625,35.29763412475586,39.7320556640625
684,100,224.0,285.0,6.0,5.0
684,1,241.9117889404297,331.2087097167969,83.81544494628906,83.56840515136719
684,2,533.9904174804688,268.4108581542969,35.46743392944336,39.66206741333008
685,100,226.0,286.0,6.0,6.0
685,1,243.57803344726562,331.8884582519531,84.09799194335938,83.74610137939453
685,2,535.1499633789062,268.6191101074219,35.36273193359375,39.906490325927734
686,100,228.0,287.0,5.0,5.0
686,1,245.08323669433594,332.5065002441406,84.27071380615234,83.99209594726562
686,2,536.5445556640625,268.8242492675781,35.58721160888672,39.57656478881836
687,100,229.0,288.0,6.0,5.0
687,1,246.32534790039062,333.1972351074219,83.96672058105469,84.27848052978516
687,2,537.8615112304688,268.98626708984375,35.516807556152344,39.741519927978516
688,100,229.0,288.0,5.0,4.0
688,1,247.53427124023438,333.73681640625,83.902587890625,84.43480682373047
688,2,538.9553833007812,269.0632629394531,35.51331329345703,39.68342971801758
689,100,231.0,287.0,6.0,6.0
689,1,248.54312133789062,334.2264404296875,84.06358337402344,84.69984436035156
689,2,539.8907470703125,269.211181640625,35.426692962646484,39.10737228393555
690,100,232.0,288.0,6.0,7.0
690,1,249.47003173828125,334.7523498535156,84.04917907714844,84.94983673095703
690,2,540.6075439453125,269.3546447753906,35.5731201171875,38.63176727294922
691,100,233.0,288.0,6.0,6.0
691,1,250.16697692871094,335.43634033203125,84.0403823852539,84.92394256591797
691,2,541.2205810546875,269.5990295410156,35.95987319946289,38.20781707763672
692,100,234.0,289.0,6.0,7.0
692,1,251.2201385498047,335.90289306640625,83.64710998535156,84.8780288696289
692,2,541.6865234375,269.7309875488281,36.18414306640625,37.97890853881836
693,100,236.0,289.0,5.0,6.0
693,1,252.7584686279297,336.2315979003906,83.32669830322266,84.79736328125
693,2,542.4107666015625,269.8171691894531,35.92125701904297,37.81114196777344
694,100,239.0,288.0,6.0,10.0
694,1,254.2630615234375,336.7347717285156,83.70536804199219,84.46701049804688
694,2,543.2240600585938,270.2413330078125,35.90913772583008,37.99925994873047
695,100,238.0,286.0,9.0,17.0
695,1,255.98487854003906,337.25897216796875,83.85030364990234,84.37228393554688
695,2,544.2491455078125,270.97393798828125,35.7843132019043,38.11586380004883
696,100,237.0,277.0,9.0,16.0
696,1,258.01983642578125,337.6803283691406,83.94770812988281,84.27061462402344
696,2,545.8091430664062,271.56158447265625,35.080833435058594,37.800785064697266
697,100,233.0,262.0,9.0,16.0
697,1,260.2975158691406,338.3121032714844,83.38156127929688,84.09737396240234
697,2,547.7295532226562,272.2599792480469,34.509830474853516,37.632747650146484
698,100,231.0,245.0,14.0,20.0
698,1,262.2463684082031,338.93280029296875,83.14785766601562,83.87027740478516
698,2,549.2142944335938,273.2070007324219,34.296653747558594,37.49913024902344
699,100,234.0,223.0,11.0,18.0
699,1,263.9320068359375,339.29449462890625,83.09236145019531,83.58927917480469
699,2,550.1774291992188,273.9338684082031,34.181968688964844,37.504737854003906
700,100,234.0,192.0,11.0,15.0
700,1,264.94964599609375,339.8750915527344,83.01659393310547,83.10958099365234
700,2,550.4989624023438,274.373046875,34.156246185302734,37.52710723876953
701,100,233.0,173.0,16.0,16.0
701,1,265.55841064453125,340.1148986816406,82.97490692138672,82.80226135253906
701,2,550.4497680664062,274.59307861328125,34.13103103637695,37.65678787231445
702,100,233.0,150.0,16.0,16.0
702,1,266.0029602050781,340.080810546875,82.85980987548828,82.76081085205078
702,2,550.295166015625,274.26629638671875,34.05271911621094,37.5123405456543
703,100,233.0,127.0,16.0,16.0
703,1,266.13104248046875,339.9834899902344,82.78321075439453,82.76438903808594
703,2,550.0731811523438,273.9544372558594,34.015682220458984,37.420230865478516
704,100,234.0,104.0,16.0,16.0
704,1,266.3641052246094,339.5783996582031,82.53204345703125,83.13973999023438
704,2,549.7387084960938,273.1317443847656,34.137760162353516,37.40695571899414
705,100,234.0,81.0,16.0,16.0
705,1,266.3963317871094,339.0665588378906,82.33069610595703,83.69587707519531
705,2,549.3247680664062,272.2943115234375,34.234397888183594,37.35753631591797
706,100,289.0,66.0,5.0,11.0
706,1,266.33819580078125,338.38262939453125,82.26746368408203,84.25662994384766
706,2,548.8475952148438,271.47601318359375,34.29742431640625,37.687767028808594
707,100,297.0,55.0,5.0,8.0
707,1,266.3091735839844,337.4985046386719,82.42657470703125,84.60551452636719
707,2,548.3037719726562,270.2170104980469,34.68952941894531,37.760013580322266
708,100,307.0,34.0,16.0,16.0
708,1,266.38262939453125,336.53631591796875,82.10665893554688,84.4168472290039
708,2,547.8291015625,269.3345031738281,34.65568923950195,38.44660568237305
709,100,317.0,17.0,16.0,16.0
709,1,266.6158447265625,335.77630615234375,81.90250396728516,84.10203552246094
709,2,547.6575317382812,268.71624755859375,34.637794494628906,38.99281311035156
710,100,327.0,0.0,16.0,16.0
710,1,267.0649719238281,335.4424743652344,82.22362518310547,83.86017608642578
710,2,547.7686157226562,268.3559875488281,34.83415985107422,38.86670684814453
711,100,267.0,377.0,7.0,3.0
711,1,267.3497619628906,334.912109375,82.1977767944336,83.82337188720703
711,2,547.7021484375,268.4336853027344,34.988868713378906,38.430938720703125
712,100,265.0,377.0,16.0,4.0
712,1,267.6345520019531,334.3817443847656,82.17192840576172,83.78656768798828
712,2,547.3970947265625,269.0488586425781,34.761043548583984,38.57383728027344
713,100,264.0,377.0,24.0,6.0
713,1,267.9193420410156,333.85137939453125,82.14608001708984,83.74976348876953
713,2,546.8516235351562,269.9360656738281,34.549842834472656,38.26082229614258
714,100,258.0,407.0,16.0,16.0
714,1,267.3228454589844,337.87103271484375,82.11271667480469,83.32723999023438
714,2,546.4539184570312,270.7998962402344,34.2210578918457,38.47265625
715,100,254.0,437.0,16.0,16.0
715,1,267.48883056640625,338.40411376953125,82.6213150024414,83.61486053466797
715,2,546.3406982421875,271.093994140625,34.11250686645508,38.06754684448242
716,100,250.0,467.0,16.0,16.0
716,1,267.64093017578125,338.5082092285156,82.77239227294922,83.701171875
716,2,546.2894287109375,271.1307373046875,34.17320251464844,38.228118896484375
717,100,246.0,497.0,16.0,16.0
717,1,267.9111328125,338.36468505859375,82.79830932617188,83.95999908447266
717,2,546.4262084960938,270.5275573730469,34.36822509765625,37.86063766479492
718,100,242.0,527.0,16.0,16.0
718,1,268.2593688964844,338.1263732910156,82.9385757446289,84.11231231689453
718,2,546.546142578125,270.2143249511719,34.12469482421875,38.3336181640625
719,100,480.0,12.0,27.0,10.0
719,1,268.77020263671875,337.80645751953125,83.16622924804688,83.99178314208984
719,2,546.7841796875,269.8534240722656,33.92315673828125,38.51579284667969
720,100,482.0,19.0,20.0,10.0
720,1,269.169677734375,337.49066162109375,83.40753936767578,83.9411849975586
720,2,547.069580078125,269.74371337890625,34.05365753173828,38.600040435791016
721,100,523.0,2.0,4.0,5.0
721,1,269.21990966796875,337.20880126953125,83.4433364868164,83.78137969970703
721,2,547.0248413085938,269.3712463378906,33.889198303222656,38.61631774902344
722,100,523.0,2.0,4.0,5.0
722,1,269.20587158203125,337.0179748535156,83.44766998291016,83.66810607910156
722,2,546.9823608398438,269.1344909667969,33.77484130859375,38.629154205322266
723,100,516.0,17.0,10.0,9.0
723,1,268.8348693847656,336.7839660644531,83.16219329833984,83.71708679199219
723,2,546.5550537109375,268.9300537109375,33.47235870361328,38.59470748901367
724,100,515.0,18.0,10.0,8.0
724,1,268.9389343261719,336.61334228515625,82.80116271972656,83.66075134277344
724,2,546.482421875,268.6934814453125,33.0310173034668,38.323734283447266
725,100,513.0,19.0,11.0,10.0
725,1,268.9967346191406,336.4401550292969,82.70906829833984,83.62571716308594
725,2,546.6087036132812,268.7617492675781,33.20492172241211,38.03887176513672
726,100,510.0,19.0,9.0,8.0
726,1,269.4061279296875,336.5198669433594,82.8062515258789,83.68233489990234
726,2,546.6434936523438,269.0419921875,33.2379150390625,38.027809143066406
727,100,506.0,17.0,9.0,8.0
727,1,268.729248046875,336.4790344238281,82.02816009521484,83.43353271484375
727,2,545.75341796875,269.05780029296875,33.67401885986328,37.85055160522461
728,100,503.0,16.0,9.0,10.0
728,1,267.8034973144531,336.0409240722656,81.77532196044922,83.25460815429688
728,2,544.6614990234375,268.6475524902344,33.73942184448242,37.686737060546875
729,100,501.0,16.0,9.0,10.0
729,1,267.5454406738281,335.86236572265625,81.5497817993164,83.16010284423828
729,2,543.6127319335938,267.8157043457031,33.71476364135742,37.2187614440918
730,100,500.0,16.0,10.0,10.0
730,1,267.2873840332031,335.6838073730469,81.3242416381836,83.06559753417969
730,2,543.0070190429688,267.3091735839844,33.74039840698242,36.83205032348633
731,100,502.0,18.0,10.0,9.0
731,1,267.57244873046875,335.8024597167969,81.40184020996094,82.8454360961914
731,2,542.618408203125,267.6664123535156,33.545902252197266,37.1568717956543
732,100,503.0,21.0,10.0,9.0
732,1,268.22930908203125,336.529541015625,81.47908782958984,82.88185119628906
732,2,542.5977172851562,268.48980712890625,33.4294319152832,37.30087661743164
733,100,504.0,23.0,8.0,10.0
733,1,268.8910217285156,337.7134704589844,81.41431427001953,82.67002868652344
733,2,542.7337646484375,269.8433837890625,33.3989372253418,37.123958587646484
734,100,503.0,26.0,9.0,9.0
734,1,269.25189208984375,338.9948425292969,81.29833984375,82.12272644042969
734,2,542.6463623046875,271.26171875,33.533851623535156,36.68327331542969
735,100,499.0,28.0,10.0,9.0
735,1,268.83453369140625,340.2528991699219,80.6954574584961,81.71208190917969
735,2,542.0355834960938,272.3837585449219,33.518829345703125,36.03804397583008
736,100,495.0,28.0,7.0,6.0
736,1,267.449462890625,341.2611999511719,80.62855529785156,81.54511260986328
736,2,540.4090576171875,273.1308898925781,33.69719314575195,36.18891906738281
737,100,490.0,27.0,10.0,9.0
737,1,265.7436828613281,341.9089050292969,80.86900329589844,81.50230407714844
737,2,538.3167114257812,273.6763000488281,33.65526580810547,36.34501266479492
738,100,487.0,28.0,9.0,9.0
738,1,263.90863037109375,342.61138916015625,80.86199951171875,81.7337875366211
738,2,536.1727294921875,274.1331787109375,33.19497299194336,36.226016998291016
739,100,483.0,29.0,8.0,9.0
739,1,262.12945556640625,343.5509033203125,80.62689971923828,82.17655944824219
739,2,534.0489501953125,274.519775390625,33.12593460083008,35.91975784301758
740,100,481.0,30.0,7.0,9.0
740,1,260.5128173828125,344.2381896972656,80.66053771972656,82.33477020263672
740,2,532.1431884765625,274.76470947265625,33.32024383544922,35.879737854003906
741,100,481.0,30.0,7.0,9.0
741,1,259.5233459472656,344.6272888183594,80.69893646240234,82.4577407836914
741,2,530.9834594726562,274.8645324707031,33.44331741333008,35.874908447265625
742,100,474.0,31.0,8.0,7.0
742,1,257.4830627441406,344.2148132324219,80.77144622802734,81.84428405761719
742,2,528.7508544921875,274.49847412109375,33.31141662597656,36.177513122558594
743,100,471.0,32.0,9.0,10.0
743,1,255.82420349121094,343.41436767578125,80.97773742675781,81.34650421142578
743,2,526.7515869140625,273.67535400390625,33.053829193115234,36.50255584716797
744,100,447.0,50.0,11.0,8.0
744,1,254.00491333007812,342.0501403808594,81.47364807128906,80.95616149902344
744,2,524.8861083984375,272.46026611328125,33.15097427368164,36.735721588134766
745,100,444.0,49.0,13.0,9.0
745,1,252.3166961669922,340.25408935546875,81.27776336669922,80.5406494140625
745,2,523.1232299804688,270.5381774902344,33.209877014160156,36.99851989746094
746,100,464.0,29.0,7.0,7.0
746,1,250.8470001220703,338.46368408203125,81.20085144042969,80.51469421386719
746,2,521.7516479492188,268.9369201660156,33.40203857421875,37.37388229370117
747,100,461.0,30.0,8.0,9.0
747,1,250.0959930419922,336.5606994628906,81.10619354248047,80.3260498046875
747,2,520.9341430664062,267.249755859375,33.55916213989258,37.24666976928711
748,100,460.0,32.0,9.0,11.0
748,1,249.8889923095703,334.96905517578125,81.10843658447266,80.05123138427734
748,2,520.509033203125,265.794677734375,33.537986755371094,36.687255859375
749,100,460.0,32.0,8.0,10.0
749,1,250.00289916992188,333.8633728027344,80.97252655029297,79.83357238769531
749,2,520.4154663085938,264.938720703125,33.49951934814453,36.269100189208984
750,100,461.0,33.0,9.0,10.0
750,1,250.3936309814453,333.0908508300781,80.64912414550781,79.84048461914062
750,2,520.421630859375,264.4742736816406,33.402488708496094,36.02234649658203
751,100,462.0,31.0,5.0,7.0
751,1,251.28981018066406,332.5633239746094,80.56607055664062,79.99115753173828
751,2,520.900390625,264.5271301269531,33.367210388183594,36.13412094116211
752,100,462.0,31.0,7.0,8.0
752,1,252.50186157226562,331.96392822265625,80.43645477294922,80.37059020996094
752,2,521.5113525390625,264.18511962890625,33.65678405761719,35.757843017578125
753,100,463.0,29.0,8.0,9.0
753,1,253.6393585205078,331.0728454589844,80.47358703613281,80.86407470703125
753,2,522.3973388671875,263.6277160644531,33.56996154785156,35.762550354003906
754,100,464.0,28.0,7.0,9.0
754,1,254.5375518798828,329.935302734375,80.53900909423828,80.34628295898438
754,2,523.2755126953125,263.1519470214844,33.56528091430664,35.90776062011719
755,100,464.0,28.0,7.0,9.0
755,1,255.8062286376953,328.8106994628906,80.22183990478516,79.64991760253906
755,2,524.1902465820312,262.77435302734375,33.40488052368164,36.091835021972656
756,100,465.0,28.0,8.0,11.0
756,1,257.342041015625,328.34716796875,79.88260650634766,79.27033233642578
756,2,525.227294921875,262.748779296875,33.036712646484375,36.148956298828125
757,100,466.0,29.0,6.0,9.0
757,1,259.15606689453125,328.2611999511719,79.74891662597656,79.07292175292969
757,2,526.4716796875,263.12823486328125,32.80209732055664,36.41542053222656
758,100,234.0,229.0,15.0,28.0
758,1,260.9534912109375,328.1686706542969,79.7734603881836,78.73970794677734
758,2,527.6500854492188,263.4290466308594,32.6666259765625,36.39320373535156
759,100,232.0,233.0,20.0,30.0
759,1,262.87518310546875,327.8993225097656,79.58969116210938,78.3597640991211
759,2,528.9588012695312,263.8381042480469,32.89881134033203,36.55012512207031
760,100,202.0,263.0,16.0,16.0
760,1,265.0751037597656,327.9048767089844,79.31168365478516,77.92908477783203
760,2,530.2838745117188,264.1698303222656,32.88631057739258,35.8876953125
761,100,172.0,293.0,16.0,16.0
761,1,267.4490966796875,327.8954772949219,78.73245239257812,77.60885620117188
761,2,531.5530395507812,264.5723571777344,32.907806396484375,35.50779724121094
762,100,142.0,323.0,16.0,16.0
762,1,269.2865905761719,327.63934326171875,78.46106719970703,77.28672790527344
762,2,532.5928955078125,264.9056091308594,32.73967361450195,35.12515640258789
763,100,239.0,252.0,18.0,28.0
763,0,703.0260009765625,191.89849853515625,41.030181884765625,70.88338470458984
763,1,271.3740539550781,328.053466796875,78.06990814208984,76.35869598388672
763,2,533.3583984375,265.44073486328125,32.72417449951172,35.179046630859375
764,100,456.0,82.0,22.0,29.0
764,0,702.660400390625,191.85140991210938,40.58454895019531,70.93348693847656
764,1,273.2695617675781,327.9529113769531,77.77072143554688,75.89591217041016
764,2,533.9307250976562,265.8942565917969,32.81998062133789,35.31813049316406
765,100,457.0,82.0,22.0,29.0
765,0,701.6414794921875,191.379150390625,40.10628890991211,70.59195709228516
765,1,275.1650695800781,327.85235595703125,77.4715347290039,75.4331283569336
765,2,534.4133911132812,265.766845703125,32.96535873413086,35.28742218017578
766,100,476.0,37.0,6.0,8.0
766,0,700.62255859375,190.90689086914062,39.628028869628906,70.25042724609375
766,1,277.0605773925781,327.7518005371094,77.17234802246094,74.97034454345703
766,2,535.0060424804688,265.1096496582031,32.843265533447266,34.98188781738281
767,100,477.0,36.0,7.0,9.0
767,0,699.6036376953125,190.43463134765625,39.1497688293457,69.90889739990234
767,1,278.9560852050781,327.6512451171875,76.87316131591797,74.50756072998047
767,2,535.706787109375,264.3661193847656,32.38865280151367,35.011619567871094
768,100,477.0,36.0,6.0,8.0
768,0,698.584716796875,189.96237182617188,38.6715087890625,69.56736755371094
768,1,276.2763366699219,321.91064453125,80.1059341430664,76.92711639404297
768,2,536.4103393554688,263.6842956542969,31.9171142578125,35.308780670166016
769,100,478.0,36.0,7.0,9.0
769,0,697.5657958984375,189.4901123046875,38.1932487487793,69.22583770751953
769,1,276.75372314453125,319.1295166015625,80.85590362548828,79.69620513916016
769,2,537.0068969726562,262.8016662597656,31.54711151123047,35.76564407348633
770,100,477.0,35.0,7.0,9.0
770,0,696.546875,189.01785278320312,37.714988708496094,68.88430786132812
770,1,277.7878723144531,317.6034851074219,80.565673828125,80.0705337524414
770,2,537.5628662109375,261.5786437988281,31.553194046020508,36.056209564208984
771,100,478.0,35.0,7.0,9.0
771,0,695.5279541015625,188.54559326171875,37.23672866821289,68.54277801513672
771,1,278.5353698730469,315.8088684082031,80.60169219970703,81.34786987304688
771,2,538.0156860351562,260.55450439453125,31.456146240234375,36.32332992553711
772,100,478.0,35.0,6.0,8.0
772,0,694.509033203125,188.07333374023438,36.75846862792969,68.20124816894531
772,1,279.69085693359375,314.67767333984375,79.63745880126953,81.68241119384766
772,2,538.4102783203125,259.5663757324219,31.404109954833984,36.194679260253906
773,100,478.0,35.0,6.0,9.0
773,0,693.4901123046875,187.60107421875,36.280208587646484,67.8597183227539
773,1,280.46221923828125,313.1648864746094,80.29493713378906,81.64944458007812
773,2,538.6693115234375,258.6415100097656,31.391277313232422,36.001895904541016
774,100,479.0,34.0,6.0,9.0
774,0,692.47119140625,187.12881469726562,35.80194854736328,67.5181884765625
774,1,281.4129943847656,311.7446594238281,80.37890625,82.0747299194336
774,2,538.9342041015625,257.5593566894531,31.65515899658203,35.964237213134766
775,100,479.0,33.0,6.0,8.0
775,0,691.4522705078125,186.65655517578125,35.32368850708008,67.1766586303711
775,1,282.36376953125,310.3244323730469,80.46287536621094,82.50001525878906
775,2,539.4117431640625,256.70635986328125,32.35438537597656,35.98274612426758
776,100,477.0,32.0,6.0,9.0
776,0,690.433349609375,186.18429565429688,34.845428466796875,66.83512878417969
776,1,283.3145446777344,308.9042053222656,80.54684448242188,82.92530059814453
776,2,540.2947998046875,255.21884155273438,32.54157638549805,34.94270324707031
777,100,478.0,32.0,6.0,9.0
777,0,689.4144287109375,185.7120361328125,34.36716842651367,66.49359893798828
777,1,283.8294982910156,301.19769287109375,80.34353637695312,78.90105438232422
777,2,541.1824951171875,253.9786376953125,32.48070526123047,34.13763427734375
778,100,480.0,33.0,7.0,10.0
778,0,688.3955078125,185.23977661132812,33.88890838623047,66.15206909179688
778,1,284.6985168457031,298.59814453125,80.37361145019531,78.4916000366211
778,2,542.1666259765625,253.0552520751953,32.2717170715332,33.71330642700195
779,100,481.0,35.0,6.0,10.0
779,0,687.3765869140625,184.76751708984375,33.410648345947266,65.81053924560547
779,1,285.5675354003906,295.99859619140625,80.4036865234375,78.08214569091797
779,2,543.0963745117188,252.52659606933594,32.245304107666016,33.495784759521484
780,100,481.0,35.0,7.0,9.0
780,0,686.357666015625,184.29525756835938,32.93238830566406,65.46900939941406
780,1,286.4365539550781,293.3990478515625,80.43376159667969,77.67269134521484
780,2,543.740478515625,252.4533233642578,32.106746673583984,33.49000930786133
781,100,481.0,35.0,5.0,7.0
781,0,685.3387451171875,183.822998046875,32.45412826538086,65.12747955322266
781,1,291.0454406738281,267.4688720703125,85.53337860107422,76.78860473632812
781,2,544.3475952148438,252.6121826171875,31.864532470703125,33.642425537109375
782,100,481.0,36.0,6.0,8.0
782,0,684.31982421875,183.35073852539062,31.975868225097656,64.78594970703125
782,1,297.54541015625,254.29595947265625,85.45510864257812,77.76823425292969
782,2,545.1026611328125,253.1543426513672,31.792648315429688,34.03528594970703
783,100,480.0,36.0,5.0,7.0
783,0,683.3009033203125,182.87847900390625,31.497608184814453,64.44441986083984
783,1,299.9816589355469,246.54837036132812,86.15027618408203,77.55645751953125
783,2,546.0712280273438,254.1221466064453,31.53736114501953,34.48435974121094
784,100,479.0,37.0,5.0,8.0
784,0,682.281982421875,182.40621948242188,31.01934814453125,64.10289001464844
784,1,302.41790771484375,238.80078125,86.84544372558594,77.34468078613281
784,2,547.1146240234375,255.31321716308594,31.40613555908203,34.904972076416016
785,100,478.0,35.0,4.0,6.0
785,0,713.4389038085938,186.810302734375,42.814212799072266,70.28366088867188
785,1,304.8541564941406,231.05319213867188,87.54061126708984,77.13290405273438
785,2,548.2808227539062,256.75994873046875,31.776371002197266,35.12430953979492
786,100,477.0,35.0,4.0,8.0
786,0,715.205322265625,187.3251953125,43.285919189453125,70.2782974243164
786,1,307.2904052734375,223.30560302734375,88.23577880859375,76.92112731933594
786,2,549.4168701171875,258.20574951171875,32.010475158691406,35.23147201538086
787,100,480.0,36.0,4.0,8.0
787,0,716.1714477539062,187.24270629882812,43.5471305847168,70.3031997680664
787,1,309.7266540527344,215.55801391601562,88.93094635009766,76.7093505859375
787,2,550.7029418945312,260.01995849609375,32.288490295410156,34.71860122680664
788,100,484.0,40.0,4.0,5.0
788,0,717.1375732421875,187.16021728515625,43.80834197998047,70.3281021118164
788,1,312.16290283203125,207.8104248046875,89.62611389160156,76.49757385253906
788,2,552.2429809570312,261.76129150390625,32.474185943603516,34.55186080932617
789,100,335.0,139.0,6.0,22.0
789,0,718.1036987304688,187.07772827148438,44.06955337524414,70.3530044555664
789,1,314.5991516113281,200.06283569335938,90.32128143310547,76.28579711914062
789,2,553.7509765625,263.69818115234375,32.612491607666016,34.59634780883789
790,100,479.0,84.0,18.0,20.0
790,0,721.0645751953125,191.8140106201172,42.16650390625,71.27313232421875
790,1,317.035400390625,192.31524658203125,91.01644897460938,76.07402038574219
790,2,555.6117553710938,266.09930419921875,33.05293273925781,35.156166076660156
791,100,482.0,82.0,19.0,19.0
791,0,723.0445556640625,193.79710388183594,41.96799850463867,70.90988159179688
791,1,319.4716491699219,184.56765747070312,91.71161651611328,75.86224365234375
791,2,557.4098510742188,268.23785400390625,33.12562561035156,35.91033172607422
792,100,485.0,80.0,19.0,21.0
792,0,724.9920654296875,195.63523864746094,42.05668640136719,71.19788360595703
792,1,321.90789794921875,176.820068359375,92.40678405761719,75.65046691894531
792,2,559.2540283203125,270.2401123046875,33.343788146972656,35.993221282958984
793,100,488.0,79.0,20.0,21.0
793,0,726.5900268554688,196.913818359375,41.94056701660156,71.32957458496094
793,1,324.3441467285156,169.07247924804688,93.1019515991211,75.43869018554688
793,2,561.3474731445312,272.0378112792969,33.362003326416016,36.02383041381836
794,100,491.0,77.0,23.0,25.0
794,0,728.18798828125,198.19239807128906,41.82444763183594,71.46126556396484
794,1,326.7803955078125,161.32489013671875,93.797119140625,75.22691345214844
794,2,563.4926147460938,273.3677978515625,33.463531494140625,35.781673431396484
795,100,500.0,74.0,16.0,16.0
795,0,731.1854248046875,199.68905639648438,41.9416389465332,71.72825622558594
795,1,329.2166442871094,153.57730102539062,94.4922866821289,75.01513671875
795,2,565.616943359375,274.7049865722656,33.324127197265625,35.45991897583008
796,100,507.0,71.0,16.0,16.0
796,0,733.6690063476562,200.84237670898438,42.253116607666016,71.73905944824219
796,1,331.65289306640625,145.8297119140625,95.18745422363281,74.80335998535156
796,2,567.7184448242188,275.9876708984375,32.68107986450195,35.673072814941406
797,100,530.0,54.0,5.0,5.0
797,0,735.8051147460938,201.78602600097656,43.04837417602539,72.19707489013672
797,1,334.0891418457031,138.08212280273438,95.88262176513672,74.59158325195312
797,2,569.767578125,277.33135986328125,33.264739990234375,36.60234451293945
798,100,423.0,78.0,5.0,8.0
798,0,737.8822021484375,202.47996520996094,43.00200271606445,72.77974700927734
798,1,336.525390625,130.33453369140625,96.57778930664062,74.37980651855469
798,2,571.6651611328125,278.6537170410156,33.99202346801758,37.150672912597656
799,100,423.0,73.0,16.0,16.0
799,0,739.93408203125,203.5634002685547,43.13673782348633,73.0755615234375
799,1,338.9616394042969,122.58694458007812,97.27295684814453,74.16802978515625
799,2,573.8518676757812,279.0994567871094,33.784332275390625,36.7320442199707
800,100,394.0,77.0,16.0,16.0
800,0,741.4262084960938,202.8285369873047,43.625980377197266,73.08425903320312
800,1,341.39788818359375,114.83935546875,97.96812438964844,73.95625305175781
800,2,575.7005004882812,279.1407470703125,33.768707275390625,36.67938995361328
801,100,366.0,80.0,16.0,16.0
801,0,743.0380249023438,202.46266174316406,42.93453598022461,73.19035339355469
801,1,343.8341369628906,107.09176635742188,98.66329193115234,73.74447631835938
801,2,577.4051513671875,278.6432189941406,33.98606872558594,36.59233093261719
802,100,538.0,71.0,11.0,14.0
802,0,744.4373779296875,202.11436462402344,42.825687408447266,73.26924896240234
802,1,346.2703857421875,99.34417724609375,99.35845947265625,73.53269958496094
802,2,578.897705078125,277.9442443847656,34.199302673339844,36.51559066772461
803,100,558.0,52.0,13.0,9.0
803,0,745.0174560546875,201.1625213623047,43.57759475708008,72.99723052978516
803,1,348.7066345214844,91.59658813476562,100.05362701416016,73.3209228515625
803,2,580.2999877929688,276.99688720703125,34.18358612060547,36.414546966552734
804,100,567.0,50.0,9.0,7.0
804,0,745.8540649414062,199.9273223876953,43.92117691040039,72.79962158203125
804,1,351.14288330078125,83.8489990234375,100.74879455566406,73.10914611816406
804,2,581.60009765625,276.0450744628906,34.21253967285156,36.451778411865234
805,100,575.0,47.0,9.0,7.0
805,0,746.5879516601562,198.61141967773438,44.83127212524414,72.85882568359375
805,1,353.5791320800781,76.10140991210938,101.44396209716797,72.89736938476562
805,2,582.8778686523438,275.03424072265625,34.23363494873047,36.52767562866211
806,100,583.0,45.0,9.0,6.0
806,0,747.41357421875,197.50799560546875,45.1254768371582,72.7354507446289
806,1,356.015380859375,68.35382080078125,102.13912963867188,72.68559265136719
806,2,584.3983154296875,273.787841796875,34.41908645629883,35.751426696777344
807,100,591.0,42.0,9.0,6.0
807,0,748.7120361328125,196.60321044921875,44.95713806152344,72.38034057617188
807,1,358.4516296386719,60.60623550415039,102.83429718017578,72.47381591796875
807,2,585.6956787109375,273.05572509765625,34.31289291381836,35.53694534301758
808,100,599.0,40.0,9.0,6.0
808,0,749.8804321289062,195.71835327148438,44.74212646484375,72.29308319091797
808,1,360.88787841796875,52.85865020751953,103.52946472167969,72.26203918457031
808,2,587.0672607421875,272.1932678222656,34.143062591552734,35.199851989746094
809,100,607.0,39.0,8.0,6.0
809,0,750.9986572265625,194.82958984375,44.775875091552734,71.83914184570312
809,1,363.3241271972656,45.11106491088867,104.2246322631836,72.05026245117188
809,2,588.5106201171875,271.27813720703125,33.68748474121094,35.184139251708984
810,100,614.0,38.0,8.0,6.0
810,0,752.0629272460938,194.0145721435547,44.32631301879883,72.04714965820312
810,1,365.7603759765625,37.36347961425781,104.9197998046875,71.83848571777344
810,2,590.1141967773438,270.505126953125,33.30851745605469,35.37358093261719
811,100,621.0,37.0,10.0,5.0
811,0,753.191162109375,193.6096649169922,44.020267486572266,72.3402328491211
811,1,368.1966247558594,29.615894317626953,105.6149673461914,71.626708984375
811,2,591.48046875,270.0247802734375,33.184974670410156,35.51348114013672
812,100,627.0,36.0,9.0,6.0
812,0,754.3107299804688,192.89437866210938,43.91183853149414,72.34703826904297
812,2,592.6699829101562,269.5354309082031,33.23080825805664,35.57926940917969
813,100,632.0,36.0,7.0,5.0
813,0,754.4610595703125,192.577880859375,43.376522064208984,73.00817108154297
813,2,593.439208984375,269.2438049316406,33.378787994384766,35.690120697021484
814,100,634.0,37.0,6.0,4.0
814,0,754.4243774414062,192.41831970214844,43.09142303466797,73.2526626586914
814,2,593.955322265625,269.1174621582031,33.6726188659668,35.94142150878906
815,100,642.0,37.0,7.0,4.0
815,0,754.6452026367188,192.25613403320312,42.5629768371582,73.06887817382812
815,2,594.6180419921875,268.8625183105469,33.67078399658203,36.10804748535156
816,100,642.0,37.0,7.0,4.0
816,0,754.720947265625,192.21438598632812,42.23801040649414,72.90879821777344
816,2,594.947998046875,268.7406005859375,33.66439437866211,36.19123077392578
817,100,646.0,37.0,16.0,16.0
817,0,755.169677734375,191.87855529785156,41.93368911743164,72.93915557861328
817,2,595.8208618164062,268.24957275390625,33.71506881713867,36.40778732299805
818,100,570.0,17.0,22.0,12.0
818,0,755.618408203125,191.542724609375,41.62936782836914,72.96951293945312
818,2,596.5963134765625,267.5008850097656,33.68831253051758,36.201454162597656
819,100,555.0,12.0,16.0,16.0
819,0,756.067138671875,191.20689392089844,41.32504653930664,72.99987030029297
819,2,597.0836181640625,265.8298645019531,33.64277267456055,35.00129699707031
820,100,532.0,6.0,16.0,16.0
820,0,756.515869140625,190.87106323242188,41.02072525024414,73.03022766113281
820,2,597.4223022460938,264.33697509765625,33.63151168823242,34.34221267700195
821,100,509.0,0.0,16.0,16.0
821,0,756.964599609375,190.5352325439453,40.71640396118164,73.06058502197266
821,2,597.6823120117188,263.215087890625,33.65605545043945,34.468223571777344
822,100,485.0,-7.0,16.0,16.0
822,0,757.413330078125,190.19940185546875,40.41208267211914,73.0909423828125
822,2,598.027587890625,262.2000427246094,33.74366760253906,34.6714973449707
823,100,671.0,35.0,5.0,4.0
823,0,757.862060546875,189.8635711669922,40.10776138305664,73.12129974365234
823,2,598.5173950195312,261.0725402832031,33.450897216796875,35.04788589477539
824,100,672.0,33.0,8.0,5.0
824,0,758.310791015625,189.52774047851562,39.80344009399414,73.15165710449219
824,2,599.071044921875,260.1742248535156,33.279788970947266,35.277259826660156
825,100,674.0,31.0,9.0,5.0
825,0,758.759521484375,189.19190979003906,39.49911880493164,73.18201446533203
825,2,599.4557495117188,259.2886047363281,32.98781204223633,35.16891098022461
826,100,679.0,28.0,7.0,4.0
826,0,759.208251953125,188.8560791015625,39.19479751586914,73.21237182617188
826,2,599.7620849609375,258.7146911621094,32.57389831542969,35.00624465942383
827,100,681.0,25.0,6.0,4.0
827,0,759.656982421875,188.52024841308594,38.89047622680664,73.24272918701172
827,2,599.9200439453125,258.3636779785156,32.31554412841797,35.00431442260742
828,100,686.0,23.0,16.0,16.0
828,0,760.105712890625,188.18441772460938,38.58615493774414,73.27308654785156
828,2,599.9645385742188,258.037109375,32.1409912109375,34.956050872802734
829,100,690.0,20.0,16.0,16.0
829,0,760.554443359375,187.8485870361328,38.28183364868164,73.3034439086914
829,2,600.0083618164062,257.5531921386719,32.23666000366211,34.99551773071289
830,100,694.0,18.0,16.0,16.0
830,0,761.003173828125,187.51275634765625,37.97751235961914,73.33380126953125
830,2,599.9943237304688,257.0373840332031,32.48448181152344,34.785282135009766
831,100,698.0,16.0,16.0,16.0
831,0,761.451904296875,187.1769256591797,37.67319107055664,73.3641586303711
831,2,599.994384765625,256.3188781738281,32.3096923828125,34.655853271484375
832,100,702.0,13.0,16.0,16.0
832,0,761.900634765625,186.84109497070312,37.36886978149414,73.39451599121094
832,2,600.0922241210938,255.45016479492188,32.14715576171875,34.55413055419922
833,100,705.0,11.0,16.0,16.0
833,0,762.349365234375,186.50526428222656,37.06454849243164,73.42487335205078
833,2,600.186279296875,254.5038604736328,32.16572189331055,34.793174743652344
834,100,709.0,8.0,16.0,16.0
834,0,762.798095703125,186.16943359375,36.76022720336914,73.45523071289062
834,2,600.1222534179688,253.44773864746094,32.15459442138672,35.19414138793945
835,100,713.0,6.0,16.0,16.0
835,0,763.246826171875,185.83360290527344,36.45590591430664,73.48558807373047
835,2,600.0579223632812,252.80772399902344,32.16401672363281,35.5076789855957
836,100,717.0,4.0,16.0,16.0
836,0,763.246826171875,185.83360290527344,36.45590591430664,73.48558807373047
836,2,600.0579223632812,252.80772399902344,32.16401672363281,35.5076789855957
837,100,714.0,144.0,4.0,5.0
837,0,763.246826171875,185.83360290527344,36.45590591430664,73.48558807373047
837,2,600.0579223632812,252.80772399902344,32.16401672363281,35.5076789855957
838,100,714.0,145.0,6.0,7.0
838,0,763.246826171875,185.83360290527344,36.45590591430664,73.48558807373047
838,2,600.0579223632812,252.80772399902344,32.16401672363281,35.5076789855957
839,100,722.0,145.0,6.0,10.0
839,0,763.246826171875,185.83360290527344,36.45590591430664,73.48558807373047
839,2,600.0579223632812,252.80772399902344,32.16401672363281,35.5076789855957
840,100,729.0,143.0,7.0,8.0
840,0,763.246826171875,185.83360290527344,36.45590591430664,73.48558807373047
840,2,600.0579223632812,252.80772399902344,32.16401672363281,35.5076789855957
841,100,732.0,142.0,8.0,11.0
841,0,763.695556640625,185.49777221679688,36.15158462524414,73.51594543457031
841,2,596.9547729492188,248.42568969726562,32.205562591552734,35.55403518676758
842,100,735.0,140.0,6.0,8.0
842,0,764.144287109375,185.1619415283203,35.84726333618164,73.54630279541016
842,2,594.1631469726562,244.57528686523438,32.10722351074219,35.04496765136719
843,100,738.0,142.0,12.0,9.0
843,0,764.593017578125,184.82611083984375,35.54294204711914,73.57666015625
843,2,591.5255737304688,241.73800659179688,31.724536895751953,34.707489013671875
844,100,738.0,143.0,11.0,10.0
844,0,764.593017578125,184.82611083984375,35.54294204711914,73.57666015625
844,2,591.5255737304688,241.73800659179688,31.724536895751953,34.707489013671875
845,100,643.0,7.0,25.0,21.0
845,0,764.593017578125,184.82611083984375,35.54294204711914,73.57666015625
845,2,591.5255737304688,241.73800659179688,31.724536895751953,34.707489013671875
846,100,634.0,-6.0,16.0,16.0
846,0,765.041748046875,184.4902801513672,35.23862075805664,73.60701751708984
846,2,587.7075805664062,239.0781707763672,31.985904693603516,33.706520080566406
847,100,604.0,-36.0,16.0,16.0
847,0,765.490478515625,184.15444946289062,34.93429946899414,73.63737487792969
847,2,584.7915649414062,237.09092712402344,31.833940505981445,32.975006103515625
848,100,574.0,-66.0,16.0,16.0
848,0,765.939208984375,183.81861877441406,34.62997817993164,73.66773223876953
848,2,583.0457763671875,235.85147094726562,31.715715408325195,33.1406135559082
849,100,758.0,141.0,6.0,5.0
849,0,765.939208984375,183.81861877441406,34.62997817993164,73.66773223876953
849,2,583.0457763671875,235.85147094726562,31.715715408325195,33.1406135559082
850,100,760.0,139.0,7.0,5.0
850,0,765.939208984375,183.81861877441406,34.62997817993164,73.66773223876953
850,2,583.0457763671875,235.85147094726562,31.715715408325195,33.1406135559082
851,100,781.0,161.0,16.0,16.0
851,0,766.387939453125,183.4827880859375,34.32565689086914,73.69808959960938
851,2,584.2879638671875,233.2259979248047,31.79988670349121,33.889404296875
852,100,798.0,180.0,16.0,16.0
852,0,766.387939453125,183.4827880859375,34.32565689086914,73.69808959960938
852,2,584.2879638671875,233.2259979248047,31.79988670349121,33.889404296875
853,100,816.0,199.0,16.0,16.0
853,0,766.836669921875,183.14695739746094,34.02133560180664,73.72844696044922
853,2,585.909423828125,230.85006713867188,31.569141387939453,34.25992202758789
854,100,834.0,218.0,16.0,16.0
854,0,767.285400390625,182.81112670898438,33.71701431274414,73.75880432128906
854,2,587.2930908203125,229.23524475097656,31.416736602783203,34.590919494628906
855,100,759.0,127.0,7.0,9.0
855,0,767.734130859375,182.4752960205078,33.41269302368164,73.7891616821289
855,2,588.2310180664062,227.86737060546875,31.44194221496582,34.70360565185547
856,100,758.0,124.0,16.0,16.0
856,2,588.9241943359375,226.91624450683594,31.529232025146484,34.84831619262695
857,100,765.0,102.0,5.0,6.0
857,2,589.6442260742188,225.9226531982422,31.96417999267578,35.141502380371094
858,100,764.0,92.0,16.0,16.0
858,2,590.1713256835938,225.2627716064453,32.18613052368164,35.05718994140625
859,100,758.0,65.0,9.0,8.0
859,2,590.843017578125,224.63438415527344,32.45137023925781,35.329586029052734
860,100,762.0,55.0,9.0,9.0
860,2,591.7014770507812,223.75804138183594,32.67009353637695,35.10783386230469
861,100,767.0,46.0,9.0,9.0
861,2,592.888671875,222.6730194091797,32.48793029785156,34.5775260925293
862,100,773.0,39.0,9.0,11.0
862,2,594.485107421875,221.68174743652344,32.73774719238281,34.3680534362793
863,100,774.0,59.0,4.0,5.0
863,2,596.0950317382812,220.77392578125,32.960147857666016,34.046478271484375
864,100,779.0,54.0,4.0,6.0
864,2,597.9253540039062,219.96084594726562,32.76031494140625,34.2039909362793
865,100,782.0,55.0,16.0,16.0
865,2,599.8493041992188,219.1647491455078,32.48793029785156,33.81718444824219
866,100,790.0,49.0,3.0,5.0
866,2,601.7692260742188,217.82879638671875,32.49317169189453,33.59226608276367
867,100,802.0,25.0,6.0,6.0
867,2,603.6019287109375,216.55442810058594,32.64531326293945,33.11903381347656
868,100,808.0,26.0,7.0,9.0
868,2,603.6019287109375,216.55442810058594,32.64531326293945,33.11903381347656
869,100,814.0,27.0,7.0,9.0
869,2,603.6019287109375,216.55442810058594,32.64531326293945,33.11903381347656
870,100,821.0,20.0,16.0,16.0
870,2,606.7910766601562,213.62530517578125,32.125823974609375,33.04331970214844
871,100,828.0,16.0,16.0,16.0
871,2,609.6611938476562,211.40338134765625,31.896175384521484,33.22541046142578
872,100,835.0,12.0,16.0,16.0
872,2,611.911376953125,209.30906677246094,31.53258514404297,33.152000427246094
873,100,842.0,8.0,16.0,16.0
873,2,614.0171508789062,207.65513610839844,31.5919246673584,32.57331848144531
874,100,849.0,3.0,16.0,16.0
874,2,615.8672485351562,206.42007446289062,31.480457305908203,31.776596069335938
875,100,840.0,38.0,15.0,24.0
875,2,617.6219482421875,205.4290313720703,31.725313186645508,31.876333236694336
876,100,845.0,43.0,6.0,16.0
876,2,618.9781494140625,204.5167694091797,31.941965103149414,32.39842987060547
877,100,848.0,46.0,16.0,16.0
877,2,618.9781494140625,204.5167694091797,31.941965103149414,32.39842987060547
878,100,853.0,50.0,16.0,16.0
878,2,618.9781494140625,204.5167694091797,31.941965103149414,32.39842987060547
879,100,857.0,54.0,16.0,16.0
879,2,618.9781494140625,204.5167694091797,31.941965103149414,32.39842987060547
880,100,861.0,58.0,16.0,16.0
880,2,618.9781494140625,204.5167694091797,31.941965103149414,32.39842987060547
881,100,865.0,62.0,16.0,16.0
881,2,618.9781494140625,204.5167694091797,31.941965103149414,32.39842987060547
882,100,870.0,66.0,16.0,16.0
882,2,618.9781494140625,204.5167694091797,31.941965103149414,32.39842987060547
883,100,874.0,70.0,16.0,16.0
883,2,618.9781494140625,204.5167694091797,31.941965103149414,32.39842987060547
884,100,878.0,74.0,16.0,16.0
884,2,618.9781494140625,204.5167694091797,31.941965103149414,32.39842987060547
885,100,882.0,78.0,16.0,16.0
885,2,618.9781494140625,204.5167694091797,31.941965103149414,32.39842987060547
886,100,886.0,82.0,16.0,16.0
886,2,618.9781494140625,204.5167694091797,31.941965103149414,32.39842987060547
887,100,891.0,86.0,16.0,16.0
887,2,618.9781494140625,204.5167694091797,31.941965103149414,32.39842987060547
888,100,895.0,90.0,16.0,16.0
888,2,618.9781494140625,204.5167694091797,31.941965103149414,32.39842987060547
889,100,899.0,94.0,16.0,16.0
889,2,618.9781494140625,204.5167694091797,31.941965103149414,32.39842987060547
890,100,903.0,98.0,16.0,16.0
890,2,618.9781494140625,204.5167694091797,31.941965103149414,32.39842987060547
891,100,907.0,102.0,16.0,16.0
891,2,618.9781494140625,204.5167694091797,31.941965103149414,32.39842987060547
892,100,912.0,106.0,16.0,16.0
892,2,618.9781494140625,204.5167694091797,31.941965103149414,32.39842987060547
893,100,916.0,110.0,16.0,16.0
893,2,618.9781494140625,204.5167694091797,31.941965103149414,32.39842987060547
894,100,920.0,114.0,16.0,16.0
894,2,618.9781494140625,204.5167694091797,31.941965103149414,32.39842987060547
895,100,924.0,118.0,16.0,16.0
895,2,618.9781494140625,204.5167694091797,31.941965103149414,32.39842987060547
896,100,928.0,122.0,16.0,16.0
896,2,618.9781494140625,204.5167694091797,31.941965103149414,32.39842987060547
897,100,933.0,126.0,16.0,16.0
897,2,618.9781494140625,204.5167694091797,31.941965103149414,32.39842987060547
898,100,937.0,130.0,16.0,16.0
898,2,618.9781494140625,204.5167694091797,31.941965103149414,32.39842987060547
899,100,941.0,134.0,16.0,16.0
899,2,618.9781494140625,204.5167694091797,31.941965103149414,32.39842987060547
900,100,945.0,138.0,16.0,16.0
900,2,618.9781494140625,204.5167694091797,31.941965103149414,32.39842987060547
901,100,949.0,142.0,16.0,16.0
901,2,618.9781494140625,204.5167694091797,31.941965103149414,32.39842987060547
902,100,954.0,146.0,16.0,16.0
902,2,618.9781494140625,204.5167694091797,31.941965103149414,32.39842987060547
903,100,958.0,150.0,16.0,16.0
903,2,618.9781494140625,204.5167694091797,31.941965103149414,32.39842987060547
904,100,962.0,154.0,16.0,16.0
904,2,618.9781494140625,204.5167694091797,31.941965103149414,32.39842987060547
905,100,966.0,158.0,16.0,16.0
905,2,618.9781494140625,204.5167694091797,31.941965103149414,32.39842987060547
906,100,970.0,162.0,16.0,16.0
906,2,618.9781494140625,204.5167694091797,31.941965103149414,32.39842987060547
907,100,975.0,166.0,16.0,16.0
907,2,618.9781494140625,204.5167694091797,31.941965103149414,32.39842987060547
908,100,979.0,170.0,16.0,16.0
908,2,618.9781494140625,204.5167694091797,31.941965103149414,32.39842987060547
909,100,983.0,174.0,16.0,16.0
909,2,618.9781494140625,204.5167694091797,31.941965103149414,32.39842987060547
910,100,987.0,178.0,16.0,16.0
910,2,618.9781494140625,204.5167694091797,31.941965103149414,32.39842987060547
911,100,991.0,182.0,16.0,16.0
911,2,618.9781494140625,204.5167694091797,31.941965103149414,32.39842987060547
912,100,996.0,186.0,16.0,16.0
912,2,618.9781494140625,204.5167694091797,31.941965103149414,32.39842987060547
913,100,1000.0,190.0,16.0,16.0
913,2,618.9781494140625,204.5167694091797,31.941965103149414,32.39842987060547
914,100,1004.0,194.0,16.0,16.0
914,2,618.9781494140625,204.5167694091797,31.941965103149414,32.39842987060547
915,100,1008.0,198.0,16.0,16.0
915,2,618.9781494140625,204.5167694091797,31.941965103149414,32.39842987060547
916,100,1012.0,202.0,16.0,16.0
916,2,618.9781494140625,204.5167694091797,31.941965103149414,32.39842987060547
917,100,1017.0,206.0,16.0,16.0
917,2,618.9781494140625,204.5167694091797,31.941965103149414,32.39842987060547
918,100,1021.0,210.0,16.0,16.0
918,2,618.9781494140625,204.5167694091797,31.941965103149414,32.39842987060547
919,100,1025.0,214.0,16.0,16.0
919,2,618.9781494140625,204.5167694091797,31.941965103149414,32.39842987060547
920,100,1029.0,218.0,16.0,16.0
920,2,618.9781494140625,204.5167694091797,31.941965103149414,32.39842987060547
921,100,1033.0,222.0,16.0,16.0
921,2,618.9781494140625,204.5167694091797,31.941965103149414,32.39842987060547
922,100,1038.0,226.0,16.0,16.0
922,2,618.9781494140625,204.5167694091797,31.941965103149414,32.39842987060547
923,100,1042.0,230.0,16.0,16.0
923,2,618.9781494140625,204.5167694091797,31.941965103149414,32.39842987060547
924,100,1046.0,234.0,16.0,16.0
924,2,618.9781494140625,204.5167694091797,31.941965103149414,32.39842987060547
925,100,1050.0,238.0,16.0,16.0
925,2,618.9781494140625,204.5167694091797,31.941965103149414,32.39842987060547
926,100,1054.0,242.0,16.0,16.0
926,2,618.9781494140625,204.5167694091797,31.941965103149414,32.39842987060547
927,100,1059.0,246.0,16.0,16.0
927,2,618.9781494140625,204.5167694091797,31.941965103149414,32.39842987060547
928,100,1063.0,250.0,16.0,16.0
928,2,578.9488525390625,209.26673889160156,30.949220657348633,31.769437789916992
929,100,1067.0,254.0,16.0,16.0
929,2,578.9488525390625,209.26673889160156,30.949220657348633,31.769437789916992
930,100,1071.0,258.0,16.0,16.0
930,2,578.9488525390625,209.26673889160156,30.949220657348633,31.769437789916992
931,100,1075.0,262.0,16.0,16.0
931,2,578.9488525390625,209.26673889160156,30.949220657348633,31.769437789916992
932,100,1080.0,266.0,16.0,16.0
932,2,545.373779296875,215.46249389648438,30.288434982299805,31.688499450683594
933,100,1084.0,270.0,16.0,16.0
933,2,521.7518920898438,220.65098571777344,29.796062469482422,31.911781311035156
934,100,1088.0,274.0,16.0,16.0
934,2,506.2328796386719,224.62242126464844,29.516923904418945,32.02090072631836
935,100,1092.0,278.0,16.0,16.0
935,2,497.2493896484375,227.4551544189453,29.349430084228516,32.080711364746094
936,100,1096.0,282.0,16.0,16.0
936,2,492.7286376953125,229.33909606933594,29.41326904296875,32.14295959472656
937,100,1101.0,286.0,16.0,16.0
937,2,491.43609619140625,230.64100646972656,29.4749813079834,32.347816467285156
938,100,1105.0,290.0,16.0,16.0
938,2,492.1799011230469,231.43885803222656,29.255329132080078,32.21281433105469
939,100,1109.0,294.0,16.0,16.0
939,2,492.1799011230469,231.43885803222656,29.255329132080078,32.21281433105469
940,100,1113.0,298.0,16.0,16.0
940,2,492.1799011230469,231.43885803222656,29.255329132080078,32.21281433105469
941,100,1117.0,302.0,16.0,16.0
941,2,492.1799011230469,231.43885803222656,29.255329132080078,32.21281433105469
942,100,1122.0,306.0,16.0,16.0
942,2,492.1799011230469,231.43885803222656,29.255329132080078,32.21281433105469
943,100,1126.0,310.0,16.0,16.0
943,2,494.5499572753906,233.89691162109375,29.149553298950195,32.36277770996094
944,100,1130.0,314.0,16.0,16.0
944,2,497.38604736328125,235.74462890625,29.19654655456543,32.506187438964844
945,100,1134.0,318.0,16.0,16.0
945,2,500.26275634765625,237.0968475341797,29.361127853393555,32.93962097167969
946,100,1138.0,322.0,16.0,16.0
946,2,502.8267517089844,238.08914184570312,29.457130432128906,33.42477035522461
947,100,1143.0,326.0,16.0,16.0
947,2,502.8267517089844,238.08914184570312,29.457130432128906,33.42477035522461
948,100,1147.0,330.0,16.0,16.0
948,2,502.8267517089844,238.08914184570312,29.457130432128906,33.42477035522461
949,100,1151.0,334.0,16.0,16.0
949,2,502.8267517089844,238.08914184570312,29.457130432128906,33.42477035522461
950,100,1155.0,338.0,16.0,16.0
950,2,502.8267517089844,238.08914184570312,29.457130432128906,33.42477035522461
951,100,1160.0,342.0,16.0,16.0
951,2,502.8267517089844,238.08914184570312,29.457130432128906,33.42477035522461
952,100,1164.0,346.0,16.0,16.0
952,2,502.8267517089844,238.08914184570312,29.457130432128906,33.42477035522461
953,100,1168.0,350.0,16.0,16.0
953,2,502.8267517089844,238.08914184570312,29.457130432128906,33.42477035522461
954,100,1172.0,354.0,16.0,16.0
954,2,502.8267517089844,238.08914184570312,29.457130432128906,33.42477035522461
955,100,1176.0,358.0,16.0,16.0
955,2,502.8267517089844,238.08914184570312,29.457130432128906,33.42477035522461
956,100,1181.0,362.0,16.0,16.0
956,2,502.8267517089844,238.08914184570312,29.457130432128906,33.42477035522461
957,100,1185.0,366.0,16.0,16.0
957,2,502.8267517089844,238.08914184570312,29.457130432128906,33.42477035522461
958,100,1189.0,370.0,16.0,16.0
958,2,502.8267517089844,238.08914184570312,29.457130432128906,33.42477035522461
959,100,1193.0,374.0,16.0,16.0
959,2,502.8267517089844,238.08914184570312,29.457130432128906,33.42477035522461
960,100,1197.0,378.0,16.0,16.0
960,2,502.8267517089844,238.08914184570312,29.457130432128906,33.42477035522461
961,100,1202.0,382.0,16.0,16.0
961,2,502.8267517089844,238.08914184570312,29.457130432128906,33.42477035522461
962,100,1206.0,386.0,16.0,16.0
962,2,502.8267517089844,238.08914184570312,29.457130432128906,33.42477035522461
963,100,1210.0,390.0,16.0,16.0
963,2,502.8267517089844,238.08914184570312,29.457130432128906,33.42477035522461
964,100,1214.0,394.0,16.0,16.0
964,2,502.8267517089844,238.08914184570312,29.457130432128906,33.42477035522461
965,100,1218.0,398.0,16.0,16.0
965,2,502.8267517089844,238.08914184570312,29.457130432128906,33.42477035522461
966,100,1223.0,402.0,16.0,16.0
966,2,502.8267517089844,238.08914184570312,29.457130432128906,33.42477035522461
967,100,1227.0,406.0,16.0,16.0
967,2,502.8267517089844,238.08914184570312,29.457130432128906,33.42477035522461
968,100,1231.0,410.0,16.0,16.0
968,2,502.8267517089844,238.08914184570312,29.457130432128906,33.42477035522461
969,100,1235.0,414.0,16.0,16.0
969,2,502.8267517089844,238.08914184570312,29.457130432128906,33.42477035522461
970,100,1239.0,418.0,16.0,16.0
970,2,502.8267517089844,238.08914184570312,29.457130432128906,33.42477035522461
971,100,1244.0,422.0,16.0,16.0
971,2,502.8267517089844,238.08914184570312,29.457130432128906,33.42477035522461
972,100,1248.0,426.0,16.0,16.0
972,2,502.8267517089844,238.08914184570312,29.457130432128906,33.42477035522461
973,100,1252.0,430.0,16.0,16.0
973,2,502.8267517089844,238.08914184570312,29.457130432128906,33.42477035522461
974,100,1256.0,434.0,16.0,16.0
974,2,502.8267517089844,238.08914184570312,29.457130432128906,33.42477035522461
975,100,1260.0,438.0,16.0,16.0
975,2,502.8267517089844,238.08914184570312,29.457130432128906,33.42477035522461
976,100,1265.0,442.0,16.0,16.0
976,2,502.8267517089844,238.08914184570312,29.457130432128906,33.42477035522461
977,100,1269.0,446.0,16.0,16.0
977,2,502.8267517089844,238.08914184570312,29.457130432128906,33.42477035522461
978,100,1273.0,450.0,16.0,16.0
978,2,477.6603698730469,232.68617248535156,29.308502197265625,33.290977478027344
979,100,1277.0,454.0,16.0,16.0
979,2,459.0601806640625,228.43685913085938,29.08935546875,33.24143981933594
980,100,1281.0,458.0,16.0,16.0
980,2,446.0001220703125,225.202392578125,28.983287811279297,33.124420166015625
981,100,1286.0,462.0,16.0,16.0
981,2,437.68963623046875,222.72198486328125,28.980710983276367,33.11125183105469
982,100,1290.0,466.0,16.0,16.0
982,2,432.7999267578125,220.8671875,28.84787940979004,32.982357025146484
983,100,1294.0,470.0,16.0,16.0
983,2,432.7999267578125,220.8671875,28.84787940979004,32.982357025146484
984,100,1298.0,474.0,16.0,16.0
984,2,432.7999267578125,220.8671875,28.84787940979004,32.982357025146484
985,100,1302.0,478.0,16.0,16.0
985,2,429.8959045410156,219.20196533203125,29.43199920654297,32.52552795410156
986,100,1307.0,482.0,16.0,16.0
986,2,429.8959045410156,219.20196533203125,29.43199920654297,32.52552795410156
987,100,1311.0,486.0,16.0,16.0
987,2,429.8959045410156,219.20196533203125,29.43199920654297,32.52552795410156
988,100,1315.0,490.0,16.0,16.0
988,2,429.8959045410156,219.20196533203125,29.43199920654297,32.52552795410156
989,100,1319.0,494.0,16.0,16.0
989,2,429.8959045410156,219.20196533203125,29.43199920654297,32.52552795410156
990,100,1323.0,498.0,16.0,16.0
990,2,429.8959045410156,219.20196533203125,29.43199920654297,32.52552795410156
991,100,1328.0,502.0,16.0,16.0
991,2,429.8959045410156,219.20196533203125,29.43199920654297,32.52552795410156
992,100,1332.0,506.0,16.0,16.0
992,2,429.5490417480469,217.6975555419922,29.53470802307129,32.905860900878906
993,100,1336.0,510.0,16.0,16.0
993,2,429.5490417480469,217.6975555419922,29.53470802307129,32.905860900878906
994,100,1340.0,514.0,16.0,16.0
994,2,429.5490417480469,217.6975555419922,29.53470802307129,32.905860900878906
995,100,1344.0,518.0,16.0,16.0
995,2,429.6291198730469,216.79974365234375,30.159374237060547,33.44462203979492
996,100,1349.0,522.0,16.0,16.0
996,2,430.128662109375,216.20748901367188,30.708175659179688,33.25381088256836
997,100,1353.0,526.0,16.0,16.0
997,2,430.128662109375,216.20748901367188,30.708175659179688,33.25381088256836
998,100,1357.0,530.0,16.0,16.0
998,2,430.128662109375,216.20748901367188,30.708175659179688,33.25381088256836
999,100,1361.0,534.0,16.0,16.0
999,2,429.30108642578125,215.80567932128906,31.012229919433594,33.662132263183594
1000,100,1365.0,538.0,16.0,16.0
1000,2,428.8443603515625,215.71116638183594,31.66073989868164,33.97050094604492
1001,100,1370.0,542.0,16.0,16.0
1001,2,428.8443603515625,215.71116638183594,31.66073989868164,33.97050094604492
1002,100,1374.0,546.0,16.0,16.0
1002,2,428.8443603515625,215.71116638183594,31.66073989868164,33.97050094604492
1003,100,1378.0,550.0,16.0,16.0
1003,2,428.8443603515625,215.71116638183594,31.66073989868164,33.97050094604492
1004,100,1382.0,554.0,16.0,16.0
1004,2,428.8443603515625,215.71116638183594,31.66073989868164,33.97050094604492
1005,100,1386.0,558.0,16.0,16.0
1005,2,428.8443603515625,215.71116638183594,31.66073989868164,33.97050094604492
1006,100,1391.0,562.0,16.0,16.0
1006,2,428.8443603515625,215.71116638183594,31.66073989868164,33.97050094604492
1007,100,1395.0,566.0,16.0,16.0
1007,2,428.8443603515625,215.71116638183594,31.66073989868164,33.97050094604492
1008,100,1399.0,570.0,16.0,16.0
1008,2,428.8443603515625,215.71116638183594,31.66073989868164,33.97050094604492
1009,100,1403.0,574.0,16.0,16.0
1009,2,424.7809753417969,216.76426696777344,33.0963249206543,35.82142639160156
1010,100,1407.0,578.0,16.0,16.0
1010,2,424.7809753417969,216.76426696777344,33.0963249206543,35.82142639160156
1011,100,1412.0,582.0,16.0,16.0
1011,2,420.1801452636719,218.1640167236328,33.593353271484375,36.97739791870117
1012,100,1416.0,586.0,16.0,16.0
1012,2,420.1801452636719,218.1640167236328,33.593353271484375,36.97739791870117
1013,100,1420.0,590.0,16.0,16.0
1013,2,414.9456787109375,219.49917602539062,34.126712799072266,37.38922882080078
1014,100,1424.0,594.0,16.0,16.0
1014,2,410.60174560546875,220.37075805664062,34.3728141784668,37.59834671020508
1015,100,1429.0,598.0,16.0,16.0
1015,2,406.4365539550781,220.9969024658203,34.48141098022461,37.551998138427734
1016,100,1433.0,602.0,16.0,16.0
1016,2,403.1106262207031,220.98544311523438,34.38737869262695,37.1938591003418
1017,100,1437.0,606.0,16.0,16.0
1017,2,400.21502685546875,221.05197143554688,34.01572799682617,37.42148208618164
1018,100,1441.0,610.0,16.0,16.0
1018,2,397.43658447265625,220.8751220703125,33.3648681640625,36.96851348876953
1019,100,1445.0,614.0,16.0,16.0
1019,2,397.43658447265625,220.8751220703125,33.3648681640625,36.96851348876953
1020,100,1450.0,618.0,16.0,16.0
1020,2,393.66339111328125,220.5675048828125,33.393375396728516,36.44411849975586
1021,100,1454.0,622.0,16.0,16.0
1021,2,390.2516784667969,220.1676483154297,33.23624801635742,36.20347213745117
1022,100,1458.0,626.0,16.0,16.0
1022,2,390.2516784667969,220.1676483154297,33.23624801635742,36.20347213745117
1023,100,1462.0,630.0,16.0,16.0
1023,2,386.0867004394531,219.5609893798828,32.87455749511719,36.03683853149414
1024,100,1466.0,634.0,16.0,16.0
1024,2,386.0867004394531,219.5609893798828,32.87455749511719,36.03683853149414
1025,100,1471.0,638.0,16.0,16.0
1025,2,386.0867004394531,219.5609893798828,32.87455749511719,36.03683853149414
1026,100,1475.0,642.0,16.0,16.0
1026,2,386.0867004394531,219.5609893798828,32.87455749511719,36.03683853149414
1027,100,1479.0,646.0,16.0,16.0
1027,2,386.0867004394531,219.5609893798828,32.87455749511719,36.03683853149414
1028,100,1483.0,650.0,16.0,16.0
1028,2,386.0867004394531,219.5609893798828,32.87455749511719,36.03683853149414
1029,100,1487.0,654.0,16.0,16.0
1029,2,386.0867004394531,219.5609893798828,32.87455749511719,36.03683853149414
1030,100,1492.0,658.0,16.0,16.0
1030,2,386.0867004394531,219.5609893798828,32.87455749511719,36.03683853149414
1031,100,1496.0,662.0,16.0,16.0
1031,2,386.0867004394531,219.5609893798828,32.87455749511719,36.03683853149414
1032,100,1500.0,666.0,16.0,16.0
1032,2,376.63623046875,215.7049102783203,32.25953674316406,36.13955307006836
1033,100,1504.0,670.0,16.0,16.0
1033,2,376.63623046875,215.7049102783203,32.25953674316406,36.13955307006836
1034,100,1508.0,674.0,16.0,16.0
1034,2,376.63623046875,215.7049102783203,32.25953674316406,36.13955307006836
1035,100,1513.0,678.0,16.0,16.0
1035,2,376.63623046875,215.7049102783203,32.25953674316406,36.13955307006836
1036,100,1517.0,682.0,16.0,16.0
1036,2,376.63623046875,215.7049102783203,32.25953674316406,36.13955307006836
1037,100,1521.0,686.0,16.0,16.0
1037,2,376.63623046875,215.7049102783203,32.25953674316406,36.13955307006836
1038,100,1525.0,690.0,16.0,16.0
1038,2,376.63623046875,215.7049102783203,32.25953674316406,36.13955307006836
1039,100,1529.0,694.0,16.0,16.0
1039,2,376.63623046875,215.7049102783203,32.25953674316406,36.13955307006836
1040,100,1534.0,698.0,16.0,16.0
1040,2,376.63623046875,215.7049102783203,32.25953674316406,36.13955307006836
1041,100,1538.0,702.0,16.0,16.0
1041,2,376.63623046875,215.7049102783203,32.25953674316406,36.13955307006836
1042,100,1542.0,706.0,16.0,16.0
1042,2,376.63623046875,215.7049102783203,32.25953674316406,36.13955307006836
1043,100,1546.0,710.0,16.0,16.0
1043,2,376.63623046875,215.7049102783203,32.25953674316406,36.13955307006836
1044,100,1550.0,714.0,16.0,16.0
1044,2,376.63623046875,215.7049102783203,32.25953674316406,36.13955307006836
1045,100,1555.0,718.0,16.0,16.0
1045,2,376.63623046875,215.7049102783203,32.25953674316406,36.13955307006836
1046,100,1559.0,722.0,16.0,16.0
1046,2,376.63623046875,215.7049102783203,32.25953674316406,36.13955307006836
1047,100,1563.0,726.0,16.0,16.0
1047,2,376.63623046875,215.7049102783203,32.25953674316406,36.13955307006836
1048,100,1567.0,730.0,16.0,16.0
1048,2,376.63623046875,215.7049102783203,32.25953674316406,36.13955307006836
